13,add,android,app,appc,appcelerator,build,code,com,core,debug,devic,eclipse,error,expect,file,github,http,hyperloop,internal,io,issu,java,js,lang,launch,library,main,method,mocha,node,org,os,png,result,run,sdk,shown,studio,support,test,ti,titanium,ui,use,users,var,view,warn,window,issue_key,story_point
0.0,0.03253999892938243,0.06507999785876487,0.0,0.0,0.0,0.0,0.04550418145497692,0.04892172293434116,0.15158473759921592,0.31772499686733,0.0,0.4669243878229462,0.05443229121209826,0.0,0.03137345300370725,0.0,0.0,0.0,0.3529528306826099,0.026105235736134894,0.02844419949267313,0.48360255147620557,0.0,0.08004255104365283,0.0,0.0,0.0,0.0,0.0,0.0,0.41451647269389047,0.0,0.0,0.03194213805961456,0.13231950964472838,0.0,0.12776855223845823,0.030313110378188412,0.0,0.0,0.02981704693759212,0.050838813327035666,0.21467164986885284,0.0,0.0,0.0,0.14439778182909072,0.0,0.0,TISTUD-9170,8
0.0,0.0,0.0,0.46401486299038325,0.0,0.0,0.08282728553562255,0.0,0.0,0.0,0.5616497095129109,0.19191076788442768,0.0,0.0,0.08282728553562255,0.34860299286047863,0.0,0.0,0.0,0.0,0.36258215289012014,0.07901372118248083,0.0,0.10027884662171095,0.0,0.31580975398699024,0.0,0.0,0.0,0.0,0.0,0.0,0.0,0.0,0.17746094006019122,0.0,0.1052699179956634,0.0,0.08420527539236625,0.0,0.0,0.0,0.0,0.0,0.0,0.0,0.0,0.0,0.0,0.0,TISTUD-9166,8
0.0,0.0,0.0,0.005167836368392694,0.0,0.04150485821971525,0.0,0.009854509405768748,0.03178386447495249,0.2544139264516508,0.0,0.0,0.4971655476542401,0.029470012896391624,0.0,0.0,0.0,0.005653420913770005,0.0,0.3210329883952033,0.0,0.0,0.6134202406762609,0.0,0.0866711637151239,0.024620702559837174,0.0,0.050559208236024424,0.024014571883236944,0.0,0.0,0.43388260925881866,0.007817794176865057,0.0,0.0,0.045848757126668624,0.0,0.006917476369952542,0.013129379401562315,0.0,0.0,0.0,0.03302937541718595,0.04067864225879814,0.004604578095951811,0.018460749287906548,0.0,0.0,0.0,0.0,TISTUD-9129,8
0.0,0.0,0.0,0.0,0.0,0.0,0.0,0.0,0.0,0.0,0.0,0.0,0.0,0.6716128925855187,0.0,0.3871013887714578,0.0,0.0,0.0,0.0,0.0,0.0,0.0,0.2227065262586571,0.0,0.0,0.0,0.0,0.0,0.0,0.0,0.0,0.0,0.0,0.0,0.0,0.0,0.5911771650579236,0.0,0.0,0.0,0.0,0.0,0.0,0.0,0.0,0.0,0.0,0.0,0.0,TISTUD-9099,5
0.0,0.0,0.0,0.0,0.0,0.0,0.1804719263823956,0.4819859518596464,0.0,0.0,0.0,0.0,0.0,0.82364800184738,0.0,0.0,0.0,0.0,0.0,0.0,0.0,0.08608128577575407,0.0,0.0,0.0,0.0,0.0,0.0,0.0,0.0,0.0,0.0,0.0,0.0,0.0,0.0,0.0,0.19333434328545887,0.0,0.0,0.0,0.0,0.0,0.0,0.0,0.0,0.0,0.10924851942323727,0.0,0.0,TISTUD-9087,8
0.0,0.0,0.0,0.014769016250396796,0.0,0.0395385277848262,0.0,0.028162929159994503,0.03027807496653776,0.14072564620133893,0.0,0.0,0.5298031170086569,0.016844306527514178,0.0,0.0,0.0,0.0,0.0,0.17475643335624386,0.0,0.0,0.5986115545136281,0.0,0.04953902306885881,0.09381709746755927,0.0,0.14449175918417917,0.06863057904833754,0.0,0.0,0.4703376499749936,0.0,0.0,0.0,0.11465115513429291,0.0,0.0593077916772393,0.09380522326774458,0.0,0.0,0.0,0.03146457869424862,0.14946989614865824,0.0,0.0,0.0,0.0,0.0,0.0,TISTUD-9036,8
0.0,0.0,0.0,0.0,0.0,0.0,0.0,0.0,0.0,0.0,0.0,0.0,0.0,0.0,0.0,0.0,0.0,0.0,0.0,0.0,0.0,0.0,0.0,0.0,0.0,0.0,0.0,0.0,0.0,0.0,0.0,0.0,0.312689130081753,0.7653393278679952,0.0,0.0,0.0,0.0,0.5251371589874834,0.0,0.0,0.0,0.0,0.0,0.0,0.0,0.0,0.0,0.0,0.20177260814549788,TISTUD-9029,3
0.0,0.0,0.0,0.0,0.0,0.0,0.0,0.0,0.0,0.0,0.0,0.0,0.0,0.0,0.0,0.0,0.0,0.0,0.0,0.0,0.0,0.0,0.0,0.0,0.0,0.0,0.0,0.0,0.0,0.0,0.0,0.0,0.6865593942379362,0.0,0.0,0.0,0.0,0.0,0.5765116454032385,0.0,0.0,0.0,0.0,0.0,0.0,0.0,0.0,0.0,0.0,0.4430242892868164,TISTUD-9016,8
0.0,0.0,0.0,0.0,0.0,0.0,0.0,0.0,0.0,0.0,0.0,0.5945711093161875,0.0,0.0,0.0,0.0,0.0,0.0,0.0,0.0,0.0,0.0,0.0,0.0,0.0,0.0,0.0,0.0,0.0,0.0,0.0,0.0,0.3106803528227481,0.0,0.0,0.45550917939073565,0.0,0.549803167143927,0.0,0.0,0.0,0.0,0.0,0.0,0.0,0.0,0.0,0.0,0.0,0.20047638071787094,TISTUD-8997,5
0.0,0.0,0.0,0.0,0.0,0.0,0.0,0.20548540165900925,0.0,0.0,0.2608665302270112,0.0,0.35141878653912584,0.0,0.0,0.0,0.0,0.0,0.0,0.0,0.0,0.7706809665486232,0.31197529971341337,0.0,0.0,0.0,0.0,0.0,0.0,0.0,0.0,0.0,0.0,0.0,0.0,0.0,0.0,0.0,0.273772715492486,0.0,0.0,0.0,0.0,0.0,0.0,0.0,0.0,0.0,0.0,0.0,TISTUD-8984,5
0.0,0.0,0.0,0.0,0.0,0.0,0.0,0.0,0.0,0.37657031624489884,0.5740362156827724,0.0,0.0,0.5408878344960844,0.0,0.0,0.0,0.0,0.0,0.0,0.0,0.0,0.0,0.0,0.0,0.0,0.0,0.0,0.0,0.0,0.0,0.0,0.0,0.0,0.0,0.0,0.0,0.31740559692625653,0.3012181237312108,0.0,0.0,0.0,0.0,0.0,0.21127919792939998,0.0,0.0,0.0,0.0,0.0,TISTUD-8979,5
0.0,0.0,0.0,0.0,0.0,0.0,0.0,0.0,0.0,0.35256512439900867,0.0,0.0,0.0,0.5064079095682191,0.0,0.2918812417731352,0.0,0.0,0.0,0.0,0.0,0.5292581768530973,0.0,0.0,0.0,0.0,0.0,0.0,0.0,0.0,0.0,0.0,0.0,0.0,0.0,0.0,0.0,0.2971719727703396,0.28201640087708035,0.0,0.0,0.0,0.0,0.0,0.19781080315544053,0.0,0.0,0.0,0.0,0.21671741856733118,TISTUD-8978,5
0.0,0.0,0.0,0.0,0.0,0.0,0.0,0.0,0.0,0.3793309899420647,0.0,0.0,0.0,0.0,0.0,0.6280802763804724,0.0,0.0,0.0,0.0,0.0,0.5694381385647408,0.0,0.0,0.0,0.0,0.0,0.0,0.0,0.0,0.0,0.0,0.0,0.0,0.0,0.0,0.0,0.0,0.30342638315958703,0.0,0.0,0.0,0.0,0.0,0.2128281063253094,0.0,0.0,0.0,0.0,0.0,TISTUD-8971,5
0.0,0.0,0.0,0.0,0.0,0.0,0.0,0.0,0.0,0.0,0.0,0.0,0.27658982338922955,0.0,0.0,0.0,0.0,0.0,0.0,0.0,0.0,0.0,0.0,0.0,0.0,0.0,0.0,0.0,0.0,0.0,0.0,0.0,0.0,0.3140383350955779,0.0,0.0,0.0,0.9082279414816041,0.0,0.0,0.0,0.0,0.0,0.0,0.0,0.0,0.0,0.0,0.0,0.0,TISTUD-8963,5
0.0,0.0,0.6094294309588981,0.0,0.14990869065759274,0.0,0.0,0.0,0.0916236593434032,0.0,0.0,0.5175548993822533,0.0,0.0,0.11168645695094613,0.0,0.1196464638092163,0.09778303308642745,0.0,0.0,0.0,0.0,0.0,0.0,0.0,0.14194868379932257,0.0,0.0,0.0,0.0,0.0,0.0,0.0,0.0,0.2392929276184326,0.09912649799718687,0.0,0.0,0.45417829664874526,0.0,0.0,0.0,0.0,0.0,0.0,0.0,0.0,0.0,0.0,0.0,TISTUD-8922,5
0.0673502003270272,0.0,0.0,0.0,0.0,0.2807561939831875,0.0,0.06666001699581611,0.2508325547890695,0.49963414215027024,0.0,0.0,0.11400119957047146,0.07973898972141223,0.0,0.0,0.0,0.0,0.0,0.051704790504369956,0.07648420001016017,0.04166849641037975,0.7084393844666784,0.0,0.0,0.0,0.0,0.0,0.0,0.0,0.0,0.10120562635238264,0.0,0.0,0.0,0.07753503506505496,0.0,0.0,0.044406302638481644,0.0,0.0,0.0,0.22342448883167404,0.0,0.0,0.0,0.0,0.0,0.0,0.0,TISTUD-8919,5
0.0,0.0,0.0,0.0,0.08830827901728898,0.28192557117664596,0.0,0.1004064937957296,0.21589482606751,0.41809597295861006,0.0,0.0,0.0858570193441198,0.0,0.0,0.13845314050903823,0.0,0.0,0.0,0.0778802190721368,0.0,0.0,0.6859833148237202,0.0,0.0,0.0,0.08830827901728898,0.0,0.0,0.0,0.0,0.30488147325498677,0.0,0.0,0.0,0.11678696418123839,0.0,0.0,0.06688688889236026,0.0,0.0,0.0,0.22435507382783448,0.0,0.0,0.09404725453687418,0.0,0.0,0.0,0.0,TISTUD-8913,8
0.0,0.0,0.0,0.18710172622143145,0.6275866025442131,0.250447513746769,0.0,0.0,0.0,0.0,0.0,0.0,0.0,0.0,0.0,0.0,0.0,0.0,0.0,0.0,0.0,0.0,0.0,0.0,0.0,0.0,0.0,0.0,0.0,0.0,0.0,0.0,0.0,0.0,0.0,0.0,0.0,0.0,0.7130245740576088,0.0,0.0,0.0,0.0,0.0,0.0,0.0,0.0,0.0,0.0,0.0,TISTUD-8912,5
0.0,0.0,0.0,0.0,0.0,0.0,0.0,0.0,0.0,0.0,0.0,0.0,0.0,0.0,0.0,0.0,0.0,0.0,0.0,0.0,0.0,0.3661759194256268,0.8893784627035073,0.0,0.0,0.0,0.0,0.0,0.0,0.0,0.0,0.0,0.0,0.0,0.0,0.0,0.0,0.0,0.0,0.0,0.0,0.0,0.0,0.0,0.273717274047407,0.0,0.0,0.0,0.0,0.0,TISTUD-8829,8
0.0,0.0,0.05826063203533925,0.0427250627783209,0.014331068736801036,0.1601325690472565,0.0,0.01629442199780695,0.2715320478114822,0.5970845237252674,0.0,0.0,0.19506574052056466,0.04872863849858574,0.0,0.033703207030099686,0.0,0.0,0.0,0.17694258106399804,0.07478340914365154,0.0,0.6184693833942462,0.0,0.0,0.0,0.0,0.0,0.026472047956242684,0.0,0.0,0.17317142735038896,0.025853430579764042,0.0,0.011438040646232607,0.03790543830926599,0.06785051405968948,0.022876081292465215,0.04341883288743614,0.0,0.0,0.06406244832821681,0.18204680355322553,0.0,0.0,0.0,0.0,0.0,0.0,0.01668274850559627,TISTUD-8823,8
0.0,0.0,0.0,0.6276542979146559,0.0,0.0,0.0,0.0,0.0,0.0,0.0,0.0,0.0,0.19523183857844262,0.07129636673352684,0.0,0.0,0.0,0.0,0.0,0.0,0.06801371318614527,0.0,0.0,0.0,0.0,0.0,0.0,0.0,0.0,0.0,0.0,0.0,0.0,0.15275546194214318,0.696064257195828,0.0,0.0,0.21744755329533605,0.0,0.0,0.0,0.0,0.0,0.0,0.0,0.0,0.0,0.0,0.05569968304135043,TISTUD-8778,8
0.0,0.0,0.0,0.5910594022027963,0.0,0.0,0.06713948751846142,0.20492488268396872,0.0,0.0,0.19511620778658043,0.4666864495816426,0.0,0.0,0.13427897503692285,0.0,0.0,0.0,0.0,0.0,0.17634464129272967,0.06404822653323344,0.0,0.0,0.0,0.42665700678429086,0.0,0.0,0.0,0.0,0.0,0.0,0.0,0.0,0.14384917353184734,0.0,0.0,0.07192458676592367,0.2730259237464886,0.0,0.06713948751846142,0.0,0.0,0.0,0.04787618476317683,0.0,0.07618995845818624,0.0,0.0,0.0,TISTUD-8648,8
0.0,0.0,0.0,0.4088434156423218,0.0,0.0,0.07297910698060467,0.27843590056203804,0.0,0.0,0.49486946205112264,0.25363881665802257,0.0,0.0,0.07297910698060467,0.07678850920081833,0.0,0.0,0.0,0.0,0.255576857832876,0.06961897608767985,0.0,0.0,0.0,0.0,0.0,0.0,0.0,0.0,0.0,0.0,0.0,0.0,0.15636080363833,0.06477207263479327,0.0,0.0,0.0,0.0,0.07297910698060467,0.5108537488642326,0.0,0.0,0.05204033183444152,0.0,0.2484502936206752,0.0,0.0,0.0,TISTUD-8636,8
0.0,0.19402545119560452,0.0,0.7825802967332643,0.0,0.0,0.0,0.0,0.0,0.0,0.3444529133462653,0.20596893128613514,0.0,0.0,0.08889468616673715,0.0935348582496699,0.0,0.0,0.0,0.0,0.31131409397174925,0.1696035286430303,0.0,0.0,0.0,0.0,0.0,0.0,0.0,0.0,0.0,0.0,0.0,0.0,0.19046060089365305,0.07889782853562871,0.0,0.0,0.0,0.0,0.0,0.0,0.0,0.0,0.06338949814314664,0.0,0.0,0.0,0.0,0.0,TISTUD-8635,5
0.0,0.046559415043501716,0.0,0.0682880999110646,0.0,0.09140794789341758,0.0,0.06510903934492826,0.17499745526162622,0.3253394411962941,0.6199261252817827,0.0,0.2226974706192684,0.0389418519006837,0.0,0.0,0.0,0.0,0.0,0.30301065535116106,0.07470464323523104,0.08139799221466437,0.4942543825423095,0.0,0.05726389793788527,0.0,0.0,0.0,0.0,0.0,0.0,0.19770175301692378,0.0,0.0,0.04570397394670879,0.07573102852610893,0.0,0.04570397394670879,0.0433731018375402,0.0,0.0,0.0,0.07274202482764135,0.0,0.030422585648010144,0.0,0.0,0.0,0.0,0.0,TISTUD-8612,5
0.0,0.07692333989682111,0.0,0.2820562025671355,0.0,0.0,0.0704863832748564,0.10757018229730608,0.23129824495589524,0.0,0.6828090945932893,0.0,0.0,0.0643379498468602,0.0704863832748564,0.0,0.0,0.0,0.0,0.2503101855141225,0.24684720192834456,0.1344820465677506,0.4082922629963531,0.0,0.09460879782912172,0.0,0.0,0.0,0.0,0.0,0.0,0.0,0.0,0.0,0.15102003834254882,0.1251193478828466,0.0,0.07551001917127441,0.07165905868686814,0.0,0.0,0.0,0.0,0.0,0.0502628070854309,0.0,0.0,0.0,0.0,0.0,TISTUD-8611,8
0.0,0.15470419766570237,0.0,0.11345133628704224,0.0,0.0,0.0,0.0,0.0,0.0,0.5492919744753042,0.0,0.0,0.0,0.1417585271976013,0.0,0.0,0.0,0.0,0.0,0.4964461809844832,0.2704632578696086,0.0,0.0,0.0,0.0,0.0,0.0,0.0,0.0,0.0,0.0,0.0,0.0,0.3037236018946329,0.0,0.0,0.15186180094731644,0.0,0.0,0.0,0.0,0.0,0.0,0.1010859285752218,0.0,0.0,0.0,0.0,0.442990597982437,TISTUD-8609,8
0.0,0.0,0.0,0.0,0.0,0.0,0.0,0.0,0.0,0.0,0.0,0.0,0.0,0.0,0.34310057333639726,0.0,0.0,0.0,0.0,0.0,0.0,0.0,0.0,0.0,0.0,0.8721321478983844,0.0,0.0,0.0,0.0,0.0,0.0,0.0,0.0,0.0,0.0,0.0,0.0,0.34880870570899764,0.0,0.0,0.0,0.0,0.0,0.0,0.0,0.0,0.0,0.0,0.0,TISTUD-7905,5
0.0,0.6793223547948412,0.0,0.0,0.0,0.0,0.0,0.0,0.0,0.0,0.0,0.0,0.0,0.0,0.0,0.0,0.0,0.27249340498183844,0.0,0.0,0.0,0.0,0.0,0.0,0.0,0.0,0.0,0.0,0.38583202167650554,0.0,0.43057148908130644,0.3605694473422874,0.0,0.0,0.0,0.0,0.0,0.0,0.0,0.0,0.0,0.0,0.0,0.0,0.0,0.0,0.0,0.0,0.0,0.0,TIMOB-28244,5
0.0,0.6793223547948412,0.0,0.0,0.0,0.0,0.0,0.0,0.0,0.0,0.0,0.0,0.0,0.0,0.0,0.0,0.0,0.27249340498183844,0.0,0.0,0.0,0.0,0.0,0.0,0.0,0.0,0.0,0.0,0.38583202167650554,0.0,0.43057148908130644,0.3605694473422874,0.0,0.0,0.0,0.0,0.0,0.0,0.0,0.0,0.0,0.0,0.0,0.0,0.0,0.0,0.0,0.0,0.0,0.0,TIMOB-28243,5
0.0,0.5817239569694168,0.0,0.0,0.0,0.0,0.0,0.0,0.0,0.0,0.0,0.0,0.0,0.0,0.0,0.0,0.0,0.0,0.0,0.0,0.0,0.0,0.0,0.0,0.0,0.0,0.0,0.0,0.33039944702386687,0.0,0.36871118493110094,0.0,0.6453568821984239,0.0,0.0,0.0,0.0,0.0,0.0,0.0,0.0,0.0,0.0,0.0,0.0,0.0,0.0,0.0,0.0,0.0,TIMOB-28242,5
0.8172376797919377,0.0,0.0,0.030298464560159537,0.0,0.0,0.26500754394562775,0.08666388098545004,0.0,0.0,0.0,0.0,0.0,0.10366769506749793,0.0,0.0,0.0,0.0,0.0,0.08962769613314259,0.19887236474493872,0.0,0.0,0.27500928000168645,0.0,0.0,0.0,0.0,0.0,0.1833395200011243,0.052373604070072875,0.0,0.0,0.0,0.0,0.067201573535976,0.0,0.0,0.0,0.0,0.07571644112732223,0.0,0.1613730404085698,0.0,0.0,0.2164667447578612,0.0,0.0,0.0,0.0,TIMOB-28031,5
0.4825775617285824,0.0,0.0,0.0,0.0,0.0,0.3129730739520482,0.0,0.0,0.0,0.0,0.0,0.0,0.0,0.3129730739520482,0.0,0.0,0.0,0.0,0.0,0.41101836266758013,0.0,0.0,0.0,0.0,0.0,0.0,0.0,0.0,0.0,0.0,0.0,0.0,0.0,0.0,0.13888848135771356,0.0,0.0,0.0,0.0,0.3129730739520482,0.0,0.26681347278184914,0.2816612183729819,0.0,0.0,0.0,0.0,0.0,0.36676134742098954,TIMOB-27351,5
0.0,0.0,0.4502862301906578,0.0,0.0,0.0,0.0,0.10494728026748416,0.0,0.0,0.0,0.0,0.0,0.0,0.0,0.7235727487146548,0.0,0.0,0.0,0.0,0.0,0.0,0.0,0.0,0.0,0.0,0.0,0.0,0.0,0.0,0.0,0.0,0.0,0.0,0.0,0.12206854156716247,0.0,0.0,0.0,0.0,0.0,0.1375354036333713,0.0,0.0,0.09807448104245348,0.0,0.46822594616059876,0.0,0.0,0.0,TIMOB-26954,5
0.2183043272841666,0.0,0.0,0.0,0.0,0.0,0.14158009361733842,0.3241008214458805,0.0,0.0,0.0,0.16402049341316946,0.0,0.12923025042931097,0.0,0.0,0.0,0.0,0.0,0.16759236726272508,0.3718659725586295,0.0,0.0,0.17141076640057784,0.0,0.359884420901505,0.0,0.5542735224463652,0.0,0.0,0.0,0.0,0.17141076640057784,0.0,0.0,0.12565837657975537,0.0,0.0,0.0,0.0,0.0,0.28316018723467684,0.0,0.0,0.0,0.0,0.1606652336785416,0.0,0.0,0.0,TIMOB-26672,5
0.0,0.0,0.0,0.0,0.0,0.0,0.0,0.5725433518284412,0.0,0.0,0.0,0.0,0.0,0.0,0.0,0.0,0.0,0.0,0.0,0.0,0.0,0.0,0.0,0.45421095029925695,0.0,0.0,0.0,0.0,0.0,0.0,0.0,0.0,0.0,0.0,0.0,0.0,0.0,0.0,0.0,0.5035562556902093,0.3751644672955167,0.0,0.0,0.0,0.26752428439195475,0.0,0.0,0.0,0.0,0.0,TIMOB-25768,8
0.0,0.0,0.527370866203887,0.0,0.0,0.0,0.0,0.12291323693591708,0.0,0.0,0.0,0.0,0.0,0.0,0.0,0.0,0.0,0.0,0.0,0.0,0.35256968949966416,0.07683181017451395,0.0,0.0,0.0,0.0,0.0,0.0,0.0,0.0,0.0,0.0,0.0,0.0,0.25884071252522894,0.07148274606938589,0.0,0.0,0.0,0.0,0.0,0.4027003275068009,0.06866141646992914,0.14496463028272225,0.0,0.0,0.5483816875796897,0.0,0.0,0.12584248892575936,TIMOB-25513,5
0.0,0.0,0.0,0.0,0.0,0.0,0.0,0.0,0.18692113968558083,0.0,0.11036093609218213,0.0,0.0,0.0,0.0,0.0,0.24409037507164927,0.19948685871542687,0.0,0.0,0.0,0.0,0.0,0.0,0.0,0.0,0.0,0.0,0.0,0.5517180575138094,0.0,0.0,0.0,0.0,0.0,0.0,0.0,0.0,0.0,0.0,0.5696279751955382,0.0,0.2913689979839621,0.2050554796768133,0.16247734497071928,0.0,0.0,0.0,0.0,0.2670102204938111,TIMOB-25143,5
0.0,0.0,0.0,0.0,0.0,0.0,0.0,0.0,0.18692113968558083,0.0,0.11036093609218213,0.0,0.0,0.0,0.0,0.0,0.24409037507164927,0.19948685871542687,0.0,0.0,0.0,0.0,0.0,0.0,0.0,0.0,0.0,0.0,0.0,0.5517180575138094,0.0,0.0,0.0,0.0,0.0,0.0,0.0,0.0,0.0,0.0,0.5696279751955382,0.0,0.2913689979839621,0.2050554796768133,0.16247734497071928,0.0,0.0,0.0,0.0,0.2670102204938111,TIMOB-25142,5
0.0,0.0,0.0,0.0,0.0,0.0,0.0,0.0,0.18574305283536385,0.0,0.10966537662894255,0.0,0.0,0.0,0.0,0.0,0.24255197410951015,0.19822957532073407,0.0,0.0,0.0,0.0,0.0,0.0,0.0,0.0,0.0,0.0,0.0,0.5482408061463205,0.0,0.0,0.0,0.0,0.0,0.0,0.0,0.0,0.0,0.0,0.5660378450036166,0.0,0.28953261936106695,0.20376309956090702,0.16145331727706116,0.0,0.0,0.27412040307316027,0.0,0.08844245506632391,TIMOB-25137,5
0.0,0.0,0.0,0.0,0.0,0.0,0.0,0.0,0.19314125514932096,0.0,0.11403338195001558,0.0,0.0,0.0,0.0,0.0,0.25221289304413314,0.20612511962479202,0.0,0.0,0.0,0.0,0.0,0.0,0.0,0.0,0.0,0.0,0.0,0.5700774042786475,0.0,0.0,0.0,0.0,0.0,0.0,0.0,0.0,0.0,0.0,0.5885833046090688,0.0,0.30106479169174205,0.2118790458192403,0.1678840520326374,0.0,0.0,0.0,0.0,0.09196514496366122,TIMOB-25136,8
0.0,0.0,0.0,0.0,0.0,0.0,0.0,0.0,0.19314125514932096,0.0,0.11403338195001558,0.0,0.0,0.0,0.0,0.0,0.25221289304413314,0.20612511962479202,0.0,0.0,0.0,0.0,0.0,0.0,0.0,0.0,0.0,0.0,0.0,0.5700774042786475,0.0,0.0,0.0,0.0,0.0,0.0,0.0,0.0,0.0,0.0,0.5885833046090688,0.0,0.30106479169174205,0.2118790458192403,0.1678840520326374,0.0,0.0,0.0,0.0,0.09196514496366122,TIMOB-25134,5
0.0,0.0,0.0,0.0,0.0,0.0,0.0,0.0,0.19314125514932096,0.0,0.11403338195001558,0.0,0.0,0.0,0.0,0.0,0.25221289304413314,0.20612511962479202,0.0,0.0,0.0,0.0,0.0,0.0,0.0,0.0,0.0,0.0,0.0,0.5700774042786475,0.0,0.0,0.0,0.0,0.0,0.0,0.0,0.0,0.0,0.0,0.5885833046090688,0.0,0.30106479169174205,0.2118790458192403,0.1678840520326374,0.0,0.0,0.0,0.0,0.09196514496366122,TIMOB-25132,8
0.0,0.0,0.0,0.0,0.0,0.0,0.0,0.0,0.19314125514932096,0.0,0.11403338195001558,0.0,0.0,0.0,0.0,0.0,0.25221289304413314,0.20612511962479202,0.0,0.0,0.0,0.0,0.0,0.0,0.0,0.0,0.0,0.0,0.0,0.5700774042786475,0.0,0.0,0.0,0.0,0.0,0.0,0.0,0.0,0.0,0.0,0.5885833046090688,0.0,0.30106479169174205,0.2118790458192403,0.1678840520326374,0.0,0.0,0.0,0.0,0.09196514496366122,TIMOB-25123,8
0.0,0.0,0.0,0.0,0.0,0.0,0.0,0.0,0.19314125514932096,0.0,0.11403338195001558,0.0,0.0,0.0,0.0,0.0,0.25221289304413314,0.20612511962479202,0.0,0.0,0.0,0.0,0.0,0.0,0.0,0.0,0.0,0.0,0.0,0.5700774042786475,0.0,0.0,0.0,0.0,0.0,0.0,0.0,0.0,0.0,0.0,0.5885833046090688,0.0,0.30106479169174205,0.2118790458192403,0.1678840520326374,0.0,0.0,0.0,0.0,0.09196514496366122,TIMOB-25122,8
0.0,0.0,0.0,0.0,0.0,0.0,0.0,0.0,0.19314125514932096,0.0,0.11403338195001558,0.0,0.0,0.0,0.0,0.0,0.25221289304413314,0.20612511962479202,0.0,0.0,0.0,0.0,0.0,0.0,0.0,0.0,0.0,0.0,0.0,0.5700774042786475,0.0,0.0,0.0,0.0,0.0,0.0,0.0,0.0,0.0,0.0,0.5885833046090688,0.0,0.30106479169174205,0.2118790458192403,0.1678840520326374,0.0,0.0,0.0,0.0,0.09196514496366122,TIMOB-25121,8
0.0,0.0,0.0,0.0,0.0,0.0,0.0,0.0,0.19314125514932096,0.0,0.11403338195001558,0.0,0.0,0.0,0.0,0.0,0.25221289304413314,0.20612511962479202,0.0,0.0,0.0,0.0,0.0,0.0,0.0,0.0,0.0,0.0,0.0,0.5700774042786475,0.0,0.0,0.0,0.0,0.0,0.0,0.0,0.0,0.0,0.0,0.5885833046090688,0.0,0.30106479169174205,0.2118790458192403,0.1678840520326374,0.0,0.0,0.0,0.0,0.09196514496366122,TIMOB-25119,5
0.0,0.0,0.0,0.0,0.0,0.0,0.0,0.0,0.19314125514932096,0.0,0.11403338195001558,0.0,0.0,0.0,0.0,0.0,0.25221289304413314,0.20612511962479202,0.0,0.0,0.0,0.0,0.0,0.0,0.0,0.0,0.0,0.0,0.0,0.5700774042786475,0.0,0.0,0.0,0.0,0.0,0.0,0.0,0.0,0.0,0.0,0.5885833046090688,0.0,0.30106479169174205,0.2118790458192403,0.1678840520326374,0.0,0.0,0.0,0.0,0.09196514496366122,TIMOB-25117,5
0.0,0.0,0.0,0.0,0.0,0.0,0.0,0.0,0.19314125514932096,0.0,0.11403338195001558,0.0,0.0,0.0,0.0,0.0,0.25221289304413314,0.20612511962479202,0.0,0.0,0.0,0.0,0.0,0.0,0.0,0.0,0.0,0.0,0.0,0.5700774042786475,0.0,0.0,0.0,0.0,0.0,0.0,0.0,0.0,0.0,0.0,0.5885833046090688,0.0,0.30106479169174205,0.2118790458192403,0.1678840520326374,0.0,0.0,0.0,0.0,0.09196514496366122,TIMOB-25102,5
0.0,0.011382781864655108,0.0,0.23372973271215433,0.0,0.011173644799815325,0.709258290005604,0.023876652818386412,0.042783137594226486,0.0,0.2829095508628836,0.024166926568439037,0.0,0.019040900972532904,0.010430268970670648,0.0,0.0,0.0,0.0,0.0,0.06392291013539488,0.009950034689382718,0.0,0.0,0.0,0.07953853989888277,0.027999598291250278,0.0,0.0,0.0,0.0,0.0,0.012627908008445292,0.3554434341478674,0.011173644799815325,0.009257308938409705,0.013256423316480461,0.0,0.0,0.0,0.0,0.0,0.008891935178231284,0.0,0.014875343939202637,0.4621981465309093,0.0,0.0,0.08041288831145137,0.0,TIMOB-25029,5
0.0,0.2535540155503107,0.0,0.46485554883404456,0.0,0.0,0.11616828874649965,0.26592889471074616,0.0,0.0,0.0,0.0,0.0,0.0,0.11616828874649965,0.0,0.0,0.0,0.0,0.0,0.0,0.0,0.0,0.0,0.0,0.0,0.0,0.0,0.0,0.0,0.0,0.0,0.0,0.34424270034142457,0.0,0.0,0.0,0.0,0.0,0.0,0.0,0.4646731549859986,0.0,0.20909211985218018,0.0,0.0,0.395483675295585,0.2812894792865509,0.0,0.09075549230748335,TIMOB-25014,5
0.06503004495049702,0.0,0.024783434897671732,0.0,0.1306345652450903,0.07645969950415961,0.025953775254434392,0.0,0.0,0.0,0.0,0.015033720187643368,0.0,0.011844930985784664,0.003244221906804299,0.0,0.0,0.0,0.0,0.023041664208378793,0.0,0.0,0.0,0.4791883873199646,0.0,0.0,0.30481398557187733,0.0,0.0,0.0,0.38148875584419356,0.0,0.0,0.0,0.0,0.01727631255176325,0.23502619212001216,0.0034754408865527095,0.0,0.30481398557187733,0.0,0.0,0.4148609826872981,0.0,0.0,0.42664766950455846,0.0,0.0,0.0,0.0,TIMOB-24900,5
0.0,0.2129982413076246,0.0,0.0,0.0,0.0,0.0,0.2978583571280117,0.0,0.0,0.0,0.0,0.0,0.0,0.1951745165227806,0.0,0.0,0.17087798044445765,0.43424663680646486,0.0,0.0,0.0,0.0,0.0,0.0,0.0,0.0,0.0,0.0,0.0,0.0,0.0,0.0,0.0,0.0,0.0,0.49611683435792164,0.0,0.0,0.0,0.0,0.1951745165227806,0.3327774488353597,0.3512959848270315,0.13917608786541547,0.0,0.22148423909071877,0.0,0.0,0.15247843903040814,TIMOB-24595,8
0.0,0.0,0.0,0.0,0.5055834158554693,0.0,0.0,0.0,0.0,0.0,0.0,0.0,0.0,0.6876358478090898,0.0,0.0,0.0,0.0,0.0,0.0,0.0,0.0,0.0,0.0,0.0,0.0,0.0,0.0,0.0,0.0,0.5210972562005961,0.0,0.0,0.0,0.0,0.0,0.0,0.0,0.0,0.0,0.0,0.0,0.0,0.0,0.0,0.0,0.0,0.0,0.0,0.0,TIMOB-24398,5
0.0,0.0,0.0,0.0,0.0,0.0,0.0,0.6081219607943363,0.0,0.0,0.0,0.0,0.0,0.36371901003406704,0.0,0.0,0.0,0.0,0.443289419154355,0.0,0.0,0.0,0.0,0.0,0.0,0.0,0.0,0.0,0.0,0.0,0.0,0.0,0.0,0.0,0.0,0.0,0.0,0.0,0.0,0.0,0.0,0.0,0.0,0.0,0.0,0.0,0.45219288476436315,0.0,0.0,0.31130732142654133,TIMOB-24147,5
0.0,0.08882854435981642,0.0,0.26056738498668913,0.0,0.0,0.732558225982218,0.0,0.0,0.0,0.15769709955319453,0.0,0.0,0.07429534962544758,0.32558143376987464,0.0,0.0,0.0,0.1810977236424879,0.0,0.14252551732672922,0.23294317021008598,0.0,0.0,0.0,0.0,0.0,0.0,0.0,0.0,0.0,0.0,0.0,0.0,0.0,0.07224185506369335,0.0,0.0,0.0,0.21850225967997366,0.08139535844246866,0.0,0.0,0.0,0.2902091871482561,0.0,0.0,0.0,0.0,0.0,TIMOB-23570,8
0.0,0.0,0.0,0.18162851646057973,0.30461403502963585,0.0,0.11347328217181073,0.34634609074770123,0.09308950820110853,0.0,0.0,0.0,0.0,0.10357515874889307,0.11347328217181073,0.0,0.1215606378725539,0.09934742320552852,0.6311709134520698,0.0,0.39738969282211406,0.0,0.0,0.0,0.0,0.0,0.0,0.0,0.0,0.0,0.0,0.0,0.0,0.0,0.2431212757451078,0.1007123816532075,0.0,0.0,0.0,0.0,0.0,0.0,0.0,0.0,0.2427484044221167,0.0,0.0,0.0,0.0,0.0,TIMOB-23446,8
0.0,0.0,0.6202543429375162,0.0,0.0,0.0,0.0,0.43368419019493004,0.1165638910278649,0.0,0.0,0.0,0.0,0.0,0.0,0.0,0.0,0.12439986456272309,0.15806665863276928,0.0,0.0,0.0,0.0,0.0,0.1907142806472033,0.0,0.0,0.1854204369617609,0.5284250961272028,0.0,0.0,0.0,0.0,0.0,0.1522145859406891,0.0,0.0,0.0,0.0,0.0,0.0,0.0,0.0,0.0,0.0,0.0,0.0,0.0,0.0,0.0,TIMOB-23267,5
0.0,0.0,0.18081398117396805,0.0,0.0,0.17749186661934066,0.0,0.126425821752373,0.13592089398719479,0.0,0.0,0.0,0.0,0.0,0.0,0.0,0.17749186661934066,0.14505813639327847,0.7372630189841142,0.0,0.0,0.0,0.19194421265099085,0.4011852898623231,0.0,0.0,0.0,0.0,0.2053923985021772,0.0,0.0,0.0,0.0,0.0,0.0,0.0,0.0,0.0,0.0,0.0,0.0,0.0,0.0,0.0,0.0,0.0,0.0,0.0,0.2554696144786696,0.0,TIMOB-23213,5
0.0,0.0,0.22185429449676505,0.02324220447931006,0.0,0.09333348938130423,0.0,0.06648058481098867,0.04764902398920732,0.0,0.0,0.0,0.0,0.2518271152849711,0.0,0.0,0.0,0.0,0.11307544214314906,0.06875415209241872,0.0,0.013852111727536741,0.5551326328899833,0.07032063629072315,0.15592048709957107,0.0,0.0,0.2273886733954736,0.19800896205090435,0.0,0.0,0.10093320597999694,0.1406412725814463,0.0,0.0,0.025775443345540962,0.0,0.0,0.0,0.0,0.0,0.02904135626464892,0.024758120631339316,0.0,0.0,0.0,0.01647808025615753,0.0,0.6269098298432427,0.0,TIMOB-23198,5
0.0,0.0,0.31368905134519953,0.0,0.0,0.0,0.431159256707422,0.5483314375573966,0.0,0.0,0.0,0.0,0.0,0.13118326947339579,0.0,0.0,0.0,0.0,0.4796462686032066,0.0,0.0,0.0,0.33299857448390263,0.0,0.0,0.0,0.0,0.0,0.0,0.0,0.0,0.0,0.17400124726732055,0.0,0.0,0.0,0.0,0.0,0.0,0.0,0.0,0.0,0.0,0.0,0.0,0.0,0.16309332044657096,0.0,0.0,0.0,TIMOB-23179,5
0.0,0.0,0.37722982636511265,0.03457988578704465,0.0,0.11571841954524631,0.0,0.08242516438383925,0.035446246264585216,0.0,0.0,0.02502816760214186,0.0,0.4929866231508156,0.021603948619125228,0.0,0.0,0.0,0.07210041195490657,0.05114641188311912,0.0,0.0,0.6757605252578303,0.0,0.144987124622881,0.0,0.0,0.08457754472346518,0.24103544319613948,0.0,0.0,0.12514083801070933,0.1046234479853306,0.0,0.0,0.019174426586614925,0.0,0.0,0.0,0.0,0.0,0.043207897238250456,0.03683527457542623,0.019442549523165743,0.0,0.0,0.09806473112392093,0.0,0.0,0.0,TIMOB-23165,5
0.0,0.0,0.0,0.5855673442334952,0.0,0.0,0.0,0.0,0.20007936035439333,0.0,0.0,0.0,0.0,0.2226164034115769,0.0,0.0,0.2612729956341417,0.21352963692618,0.5426358999124433,0.0,0.21352963692618,0.23266135773365695,0.0,0.0,0.0,0.0,0.0,0.0,0.0,0.0,0.0,0.0,0.0,0.0,0.0,0.0,0.0,0.0,0.0,0.0,0.24389066128914316,0.0,0.0,0.0,0.0,0.0,0.0,0.0,0.0,0.0,TIMOB-23154,5
0.0,0.0,0.0,0.265007605095758,0.0,0.0,0.0,0.0,0.0,0.0,0.0,0.7672269130123938,0.0,0.0,0.0,0.3484140064515487,0.0,0.0,0.36836746880842974,0.0,0.28990847042288076,0.0,0.0,0.0,0.0,0.0,0.0,0.0,0.0,0.0,0.0,0.0,0.0,0.0,0.0,0.0,0.0,0.0,0.0,0.0,0.0,0.0,0.0,0.0,0.0,0.0,0.0,0.0,0.0,0.0,TIMOB-23144,5
0.0,0.0,0.0,0.35885637397057113,0.0,0.0,0.0,0.0,0.3678471202511183,0.0,0.0,0.0,0.0,0.0,0.0,0.0,0.48035199069593426,0.3925755354896977,0.4988197002782036,0.0,0.0,0.0,0.0,0.0,0.0,0.0,0.0,0.0,0.0,0.0,0.0,0.0,0.0,0.0,0.0,0.0,0.0,0.0,0.0,0.0,0.0,0.0,0.0,0.0,0.3197435215410098,0.0,0.0,0.0,0.0,0.0,TIMOB-23132,5
0.0,0.0,0.18444374931198637,0.5410425869491762,0.0,0.18105494464035066,0.0,0.12896376940796953,0.1386494514089298,0.0,0.0,0.195797415720986,0.0,0.0,0.16900946870084443,0.0,0.0,0.14797012029088452,0.5640474587512783,0.0,0.0,0.0,0.0,0.0,0.0,0.0,0.0,0.0,0.0,0.0,0.0,0.0,0.0,0.0,0.3621098892807013,0.15000311781792938,0.0,0.0,0.17182126353460414,0.0,0.0,0.0,0.0,0.0,0.12051817565665872,0.0,0.0,0.0,0.0,0.0,TIMOB-23122,8
0.0,0.0,0.0,0.0,0.0,0.0,0.2642924202779209,0.0,0.0,0.0,0.0,0.0,0.0,0.0,0.0,0.0,0.0,0.0,0.5880280719216345,0.0,0.23139165823729713,0.0,0.0,0.0,0.0,0.0,0.0,0.6897876059669384,0.0,0.0,0.0,0.0,0.0,0.0,0.0,0.23457080459502444,0.0,0.0,0.0,0.0,0.0,0.0,0.0,0.0,0.0,0.0,0.0,0.0,0.0,0.0,TIMOB-20602,8
0.0,0.0,0.0,0.38268765615578454,0.0,0.0,0.0,0.0,0.1961377343183261,0.0,0.0,0.0,0.0,0.0,0.0,0.0,0.0,0.20932303623088874,0.0,0.0,0.0,0.0,0.0,0.0,0.0,0.0,0.3209078435735281,0.0,0.0,0.0,0.0,0.0,0.0,0.0,0.0,0.0,0.0,0.0,0.0,0.6418156871470562,0.0,0.0,0.0,0.0,0.0,0.3417629919107614,0.0,0.0,0.0,0.3735677321861361,TIMOB-20481,5
0.0,0.0,0.0,0.0,0.0,0.0,0.0,0.0,0.0,0.0,0.0,0.0,0.0,0.0,0.0,0.0,0.0,0.0,0.0,0.0,0.0,0.0,0.0,0.0,0.0,0.0,0.0,0.0,0.0,0.0,0.0,0.0,0.0,0.0,0.0,0.0,0.0,0.0,0.0,0.0,0.0,0.9916293653539496,0.0,0.0,0.0,0.0,0.0,0.0,0.0,0.12911700804976448,TIMOB-20480,5
0.0,0.0,0.0,0.0,0.0,0.0,0.0,0.0,0.0,0.0,0.0,0.0,0.0,0.0,0.0,0.0,0.0,0.0,0.0,0.0,0.0,0.0,0.0,0.0,0.0,0.0,0.0,0.0,0.0,0.0,0.0,0.0,0.0,0.0,0.0,0.0,0.0,0.0,0.0,0.0,0.0,0.9880122888580354,0.0,0.0,0.0,0.0,0.0,0.0,0.0,0.15437524758038804,TIMOB-20478,5
0.0,0.0,0.0,0.20444591137639903,0.0,0.0,0.3831856755079905,0.19492820718473197,0.10478403785171597,0.0,0.0,0.0,0.0,0.11658696629264459,0.0,0.0,0.0,0.11182811419681107,0.7104628455355428,0.0,0.0,0.0,0.0,0.463922212751695,0.0,0.0,0.0,0.0,0.0,0.0,0.0,0.0,0.0,0.0,0.0,0.0,0.0,0.0,0.0,0.0,0.1277285585026635,0.0,0.0,0.0,0.0,0.0,0.0,0.0,0.0,0.0,TIMOB-20469,8
0.0,0.0,0.0,0.33303074080297157,0.0,0.0,0.0,0.0,0.0,0.0,0.0,0.0,0.0,0.5064360673329353,0.0,0.0729743678065159,0.0,0.0,0.0,0.0,0.12144108422234584,0.0,0.0,0.0,0.0,0.17629236402687748,0.09308912473455083,0.543030950574641,0.0,0.0,0.0,0.0,0.0,0.0,0.0,0.430883575012025,0.0,0.0,0.0,0.0,0.0,0.20806254413923286,0.0,0.0,0.19782180201613828,0.0991387976976782,0.0,0.0,0.0,0.0,TIMOB-20425,5
0.0,0.0,0.0,0.0,0.0,0.0,0.0,0.17130815497625915,0.0,0.0,0.0,0.0,0.0,0.0,0.0,0.0,0.0,0.0,0.0,0.0,0.0,0.0,0.0,0.0,0.0,0.0,0.0,0.0,0.0,0.0,0.0,0.0,0.0,0.0,0.0,0.0,0.0,0.0,0.0,0.0,0.0,0.4490051801303862,0.0,0.0,0.0,0.0,0.0,0.0,0.0,0.8769537412285264,TIMOB-20171,5
0.0,0.0,0.0,0.0,0.0,0.30295857193312026,0.0,0.0,0.23200161631376126,0.0,0.0,0.0,0.0,0.0,0.0,0.0,0.30295857193312026,0.2475978572203416,0.0,0.0,0.0,0.0,0.0,0.0,0.0,0.0,0.0,0.0,0.0,0.0,0.0,0.0,0.3423889917106214,0.0,0.0,0.0,0.0,0.0,0.0,0.0,0.0,0.28280292141423197,0.0,0.25450948351287056,0.0,0.0,0.0,0.0,0.0,0.6628121659332743,TIMOB-20167,5
0.0,0.0,0.0,0.0,0.0,0.0,0.0,0.2986361277597043,0.0,0.0,0.0,0.0,0.0,0.0,0.0,0.0,0.0,0.0,0.0,0.0,0.0,0.0,0.0,0.0,0.0,0.0,0.0,0.0,0.0,0.0,0.0,0.0,0.0,0.0,0.0,0.0,0.0,0.0,0.0,0.0,0.0,0.3913683162274729,0.0,0.3522132923105767,0.0,0.0,0.2220625808844778,0.0,0.0,0.7643829610480805,TIMOB-20166,5
0.0,0.0,0.0,0.42236919507234655,0.0,0.0,0.0,0.0,0.0,0.0,0.0,0.0,0.0,0.0,0.0,0.0,0.0,0.0,0.0,0.0,0.0,0.0,0.0,0.0,0.0,0.0,0.0,0.0,0.0,0.0,0.0,0.0,0.0,0.0,0.0,0.0,0.0,0.0,0.0,0.0,0.0,0.0,0.0,0.0,0.3763338862526346,0.0,0.0,0.0,0.0,0.8246072211131352,TIMOB-20097,5
0.0,0.24934923223928404,0.24934923223928404,0.09142933426028951,0.0,0.0,0.0,0.0,0.0,0.0,0.0,0.0,0.0,0.0,0.0,0.0,0.0,0.0,0.25417830876312314,0.0,0.0,0.0,0.0,0.0,0.0,0.0,0.0,0.14908220836930197,0.0,0.0,0.0,0.0,0.0,0.0,0.0,0.0,0.0,0.0,0.0,0.0,0.0,0.0,0.19478517959639666,0.5140616629485045,0.0,0.0,0.0,0.6915618704052063,0.0,0.0,TIMOB-19903,8
0.0,0.0,0.0,0.24990600237970362,0.0,0.0,0.0,0.23827196484694504,0.0,0.0,0.0,0.36175303474737347,0.0,0.14251095793317714,0.0,0.0,0.0,0.0,0.0,0.0,0.27338787833359574,0.0,0.0,0.7561050895949005,0.0,0.0,0.0,0.0,0.0,0.0,0.0,0.0,0.0,0.0,0.0,0.0,0.1984344741170121,0.0,0.0,0.0,0.0,0.0,0.0,0.0,0.11133399188511457,0.0,0.17717644500434634,0.0,0.0,0.0,TIMOB-19841,8
0.0,0.0,0.0,0.0,0.0,0.0,0.26937441613680346,0.0,0.0,0.0,0.0,0.0,0.0,0.0,0.0,0.0,0.0,0.0,0.0,0.0,0.0,0.0,0.0,0.0,0.0,0.0,0.0,0.0,0.0,0.0,0.0,0.0,0.0,0.7982400138146302,0.0,0.0,0.0,0.0,0.0,0.0,0.5387488322736069,0.0,0.0,0.0,0.0,0.0,0.0,0.0,0.0,0.0,TIMOB-19840,5
0.0,0.4078426484919316,0.13594754949731053,0.0,0.0,0.0,0.0,0.09505504247418978,0.0,0.0,0.0,0.0,0.0,0.0,0.1868571572424849,0.0,0.0,0.0,0.0,0.0,0.0,0.0,0.0,0.0,0.0,0.0,0.0,0.0,0.0,0.0,0.0,0.0,0.0,0.0,0.0,0.0,0.0,0.0,0.0,0.0,0.0,0.5605714717274547,0.0,0.50448826705163,0.17766013444777035,0.0,0.2827275884702979,0.3016368352548792,0.0,0.0,TIMOB-19798,5
0.0,0.4539626359226751,0.17023598847100319,0.0,0.06979165767761737,0.05570274150138021,0.0,0.11902964911527895,0.0,0.0,0.0,0.0,0.0,0.0,0.25998435903060774,0.0,0.05570274150138021,0.0455239782424277,0.0,0.0,0.0455239782424277,0.0,0.0,0.0,0.0,0.0,0.0,0.0,0.0,0.0,0.0,0.0,0.0,0.0,0.0,0.0,0.0,0.0,0.0,0.06979165767761737,0.0,0.41597497444897236,0.044327985680038144,0.4211529085107767,0.03707820738149928,0.0,0.23602441122444964,0.5036201583993526,0.0,0.0,TIMOB-19796,8
0.0,0.0,0.0,0.0,0.0,0.0,0.0,0.0,0.0,0.0,0.0,0.0,0.0,0.0,0.0,0.0,0.0,0.0,0.0,0.0,0.0,0.0,0.0,0.0,0.0,0.0,0.0,0.0,0.0,0.0,0.0,0.0,0.0,0.9475036390053866,0.0,0.0,0.0,0.0,0.0,0.0,0.31974498287158487,0.0,0.0,0.0,0.0,0.0,0.0,0.0,0.0,0.0,TIMOB-19788,5
0.0,0.0,0.0,0.0,0.0,0.0,0.0,0.0,0.0,0.0,0.2739950743197364,0.0,0.0,0.0,0.0,0.0,0.0,0.0,0.0,0.0,0.49526960005023096,0.0,0.0,0.0,0.0,0.7189679603291568,0.0,0.0,0.0,0.0,0.0,0.0,0.0,0.0,0.0,0.0,0.0,0.0,0.0,0.0,0.0,0.0,0.0,0.0,0.403385416859284,0.0,0.0,0.0,0.0,0.0,TIMOB-19787,8
0.0,0.0,0.3369998900650203,0.37070507878926556,0.0,0.0,0.0,0.0,0.0,0.0,0.0,0.0,0.0,0.0,0.0,0.0,0.0,0.0,0.3435264722527194,0.0,0.0,0.14729090991706853,0.0,0.0,0.0,0.0,0.0,0.0,0.0,0.0,0.0,0.0,0.0,0.0,0.0,0.13703645258410324,0.0,0.0,0.0,0.0,0.0,0.0,0.0,0.1389526828252206,0.11010026660874049,0.0,0.0,0.7477264628625464,0.0,0.0,TIMOB-19766,5
0.0,0.0,0.3724776040039166,0.0,0.0,0.0,0.17065431111244064,0.0,0.0,0.0,0.0,0.0,0.0,0.1557683626167731,0.0,0.17956221555985372,0.0,0.0,0.0,0.0,0.0,0.0,0.0,0.0,0.0,0.0,0.0,0.0,0.0,0.0,0.0,0.0,0.0,0.0,0.0,0.15146298567003963,0.8675771622957137,0.0,0.0,0.0,0.0,0.0,0.0,0.0,0.0,0.0,0.0,0.0,0.0,0.0,TIMOB-19420,5
0.0,0.0,0.0,0.5527865764523499,0.0,0.0,0.23023736724800314,0.0,0.0,0.0,0.0,0.0,0.0,0.0,0.0,0.0,0.0,0.0,0.0,0.0,0.20157598973017402,0.21963669367986402,0.0,0.0,0.0,0.29262179260131366,0.0,0.0,0.2854178127511717,0.0,0.0,0.0,0.0,0.0,0.0,0.0,0.29262179260131366,0.24664661750409383,0.0,0.0,0.0,0.4604747344960063,0.0,0.0,0.16417889294614915,0.0,0.0,0.0,0.0,0.0,TIMOB-19419,8
0.0,0.0,0.0,0.0,0.0,0.0,0.0,0.8266670017286932,0.0,0.0,0.0,0.0,0.0,0.0,0.0,0.22798255016728017,0.0,0.0,0.0,0.0,0.0,0.0,0.0,0.0,0.0,0.0,0.2908239795388533,0.0,0.0,0.0,0.0,0.0,0.0,0.0,0.0,0.0,0.0,0.0,0.0,0.2908239795388533,0.0,0.0,0.0,0.0,0.3090120562736758,0.0,0.0,0.0,0.0,0.0,TIMOB-19386,8
0.0,0.0,0.0,0.0,0.0,0.0,0.0,0.7616221773120279,0.0,0.0,0.0,0.0,0.0,0.0,0.0,0.262555185286897,0.0,0.0,0.0,0.0,0.0,0.0,0.0,0.0,0.0,0.0,0.3349262642148263,0.0,0.0,0.0,0.0,0.0,0.0,0.0,0.0,0.0,0.0,0.0,0.0,0.3349262642148263,0.0,0.0,0.0,0.0,0.3558724895010148,0.0,0.0,0.0,0.0,0.0,TIMOB-19385,3
0.0,0.0,0.8458465192034874,0.06202961480382226,0.0,0.04151528454606956,0.15501319111793807,0.08871286438060108,0.0,0.0,0.0,0.0,0.0,0.1414915967082292,0.0,0.0,0.0,0.03392904656867986,0.0,0.0,0.0,0.0,0.0,0.0,0.0,0.0,0.0,0.0,0.0,0.0,0.0,0.04489568314849677,0.0,0.0,0.0,0.0,0.4432839743127865,0.0,0.0,0.0,0.03875329777948452,0.15501319111793807,0.03303767263977988,0.0,0.02763440879948392,0.0,0.0,0.0,0.0,0.0,TIMOB-18960,8
0.0,0.0,0.0,0.41510567538576426,0.0,0.0,0.0,0.0,0.0,0.0,0.0,0.0,0.0,0.0,0.0,0.0,0.0,0.0,0.0,0.0,0.45411018061711506,0.0,0.0,0.0,0.0,0.0,0.0,0.0,0.0,0.0,0.0,0.0,0.0,0.0,0.0,0.0,0.0,0.0,0.0,0.696184812864469,0.0,0.0,0.0,0.0,0.36986203976521304,0.0,0.0,0.0,0.0,0.0,TIMOB-18866,5
0.0,0.0,0.0,0.7767212198422404,0.0,0.17328175988573055,0.0,0.246854003008876,0.26539370128835504,0.0,0.0,0.0,0.0,0.0,0.0,0.1701967207088157,0.0,0.1416173576780259,0.0,0.0,0.2832347153560518,0.15430591832745588,0.0,0.0,0.0,0.0,0.0,0.0,0.0,0.0,0.0,0.1873912962974064,0.0,0.0,0.0,0.0,0.0,0.0,0.0,0.2171099831310877,0.0,0.0,0.0,0.0,0.0,0.0,0.0,0.0,0.0,0.0,TIMOB-18840,5
0.0,0.0,0.0,0.0,0.0,0.0,0.0,0.0,0.0,0.0,0.0,0.0,0.0,0.0,0.0,0.0,0.0,0.0,0.0,0.0,0.0,0.0,0.0,0.0,0.0,0.0,0.0,0.0,0.0,0.0,0.0,0.0,0.0,0.0,0.0,0.0,0.0,0.0,0.0,0.0,0.0,0.0,0.0,0.0,0.0,0.0,0.0,0.0,0.0,1.0,TIMOB-18740,5
0.0,0.0,0.0,0.0,0.0,0.0,0.0,0.0,0.0,0.0,0.0,0.0,0.0,0.0,0.0,0.0,0.0,0.0,0.0,0.0,0.0,0.0,0.0,0.0,0.0,0.0,0.0,0.0,0.0,0.0,0.0,0.0,0.0,0.0,0.0,0.0,0.0,0.0,0.0,0.0,0.0,0.0,0.0,0.0,0.0,0.0,0.0,0.0,0.0,1.0,TIMOB-18739,5
0.0,0.0,0.0,0.3231502933814823,0.0,0.0,0.0,0.0,0.0,0.0,0.0,0.0,0.0,0.0,0.0,0.0,0.0,0.0,0.0,0.0,0.0,0.0,0.0,0.0,0.0,0.0,0.0,0.0,0.0,0.0,0.0,0.0,0.0,0.0,0.0,0.0,0.0,0.0,0.0,0.0,0.0,0.0,0.0,0.0,0.0,0.0,0.0,0.0,0.0,0.9463476569884146,TIMOB-18734,8
0.0,0.0,0.0,0.4855624509536276,0.0,0.0,0.0,0.0,0.0,0.0,0.0,0.0,0.0,0.0,0.0,0.0,0.0,0.0,0.0,0.0,0.0,0.0,0.0,0.0,0.0,0.0,0.0,0.0,0.0,0.0,0.0,0.0,0.0,0.0,0.0,0.0,0.0,0.0,0.0,0.0,0.0,0.0,0.0,0.0,0.0,0.0,0.0,0.7345486642701573,0.0,0.47399089236274755,TIMOB-18669,5
0.0,0.0,0.0,0.0,0.0,0.0,0.0,0.0,0.2498440117586549,0.0,0.0,0.0,0.0,0.0,0.0,0.0,0.0,0.26663970248860497,0.0,0.0,0.0,0.0,0.0,0.0,0.0,0.0,0.408778572475525,0.0,0.0,0.0,0.0,0.0,0.0,0.0,0.0,0.0,0.0,0.6525160144235949,0.0,0.0,0.0,0.0,0.0,0.0,0.21717175358368979,0.0,0.0,0.0,0.0,0.4758577496438757,TIMOB-18638,8
0.0,0.1924488701106571,0.0,0.0,0.0,0.0,0.0,0.4036829407397352,0.0,0.0,0.0,0.0,0.0,0.0,0.0,0.0,0.0,0.0,0.0,0.0,0.0,0.0,0.0,0.0,0.0,0.0,0.0,0.0,0.0,0.0,0.0,0.0,0.0,0.0,0.0,0.0,0.0,0.0,0.0,0.0,0.0,0.17634471979022082,0.15033608642377902,0.15870205063508352,0.1257488357260063,0.0,0.8004646667249575,0.21350023719884828,0.0,0.13776781971292426,TIMOB-18637,5
0.0,0.0,0.0,0.0,0.0,0.0,0.0,0.2734702034965529,0.0,0.0,0.0,0.0,0.0,0.0,0.0,0.18854760821930955,0.0,0.0,0.0,0.0,0.0,0.0,0.0,0.0,0.0,0.0,0.0,0.0,0.0,0.0,0.0,0.0,0.0,0.0,0.0,0.0,0.0,0.0,0.0,0.0,0.0,0.0,0.3055301772612615,0.8063311147660897,0.31945144528924446,0.0,0.0,0.0,0.0,0.20999063188561948,TIMOB-18521,3
0.0,0.0,0.0,0.7454019646753486,0.0,0.0,0.0,0.0,0.0,0.0,0.0,0.0,0.0,0.0,0.0,0.0,0.0,0.0,0.0,0.0,0.0,0.0,0.0,0.0,0.0,0.0,0.0,0.0,0.0,0.0,0.0,0.0,0.0,0.0,0.0,0.0,0.0,0.0,0.0,0.0,0.0,0.6209245781247181,0.0,0.0,0.0,0.0,0.0,0.0,0.0,0.2425460355041306,TIMOB-18458,8
0.0,0.0,0.0,0.39396944448815663,0.0,0.0,0.2461342899928316,0.0,0.0,0.0,0.0,0.0,0.0,0.0,0.0,0.25898213850129026,0.0,0.0,0.0,0.0,0.0,0.23480168445912963,0.0,0.0,0.0,0.0,0.0,0.0,0.0,0.0,0.0,0.0,0.0,0.0,0.2636765300269918,0.0,0.0,0.0,0.2502292033153389,0.0,0.0,0.0,0.0,0.0,0.7020590224797233,0.0,0.0,0.0,0.0,0.19229033071837676,TIMOB-18457,5
0.0,0.0,0.0,0.0,0.0,0.0,0.0,0.0,0.0,0.0,0.0,0.12972150840411317,0.0,0.0,0.2239474217136096,0.0,0.0,0.0,0.0,0.0,0.09803452784190277,0.0,0.0,0.0,0.0,0.0,0.0,0.0,0.0,0.0,0.0,0.0,0.0,0.0,0.23990838118352278,0.0,0.0,0.0,0.0,0.0,0.0,0.3359211325704144,0.0,0.302313404416098,0.0,0.0,0.0,0.8133982301166287,0.0,0.0,TIMOB-17396,5
0.0,0.0,0.0,0.0,0.0,0.0,0.0,0.0,0.0,0.0,0.0,0.2589869818488023,0.0,0.0,0.4471075579983747,0.0,0.0,0.0,0.0,0.0,0.3914488321189107,0.0,0.0,0.0,0.0,0.0,0.0,0.0,0.0,0.0,0.0,0.0,0.0,0.0,0.4789733663086395,0.0,0.0,0.23948668315431976,0.0,0.0,0.0,0.0,0.0,0.0,0.0,0.0,0.0,0.5413123216822532,0.0,0.0,TIMOB-17395,5
0.0,0.0,0.0,0.0,0.0,0.0,0.0,0.0978535029038242,0.1052026825700004,0.0,0.0,0.0,0.0,0.0,0.0,0.0,0.0,0.11227490218402773,0.0,0.0,0.11227490218402773,0.24466890458470783,0.0,0.0,0.0,0.0,0.17212580801457145,0.0,0.0,0.0,0.0,0.0,0.0,0.0,0.0,0.0,0.48895828097193367,0.0,0.0,0.0,0.0,0.0,0.0,0.0,0.0,0.0,0.0,0.0,0.7909332544799734,0.0,TIMOB-16697,8
0.0,0.0,0.0,0.0,0.0,0.0,0.0,0.0,0.0,0.0,0.0,0.0,0.0,0.0,0.0,0.0,0.0,0.0,0.0,0.0,0.21399971962334025,0.0,0.0,0.0,0.0,0.0,0.0,0.0,0.0,0.0,0.0,0.0,0.0,0.0,0.0,0.0,0.6213138941416948,0.0,0.0,0.0,0.0,0.0,0.0,0.0,0.0,0.0,0.0,0.0,0.7537726215163394,0.0,TIMOB-15118,8
0.0,0.0,0.0,0.0,0.0,0.4079320946630169,0.0,0.0,0.0,0.0,0.0,0.0,0.0,0.0,0.0,0.0,0.0,0.33338918877748575,0.0,0.0,0.0,0.7265200506242435,0.0,0.0,0.0,0.0,0.0,0.0,0.0,0.0,0.0,0.4411481281736103,0.0,0.0,0.0,0.0,0.0,0.0,0.0,0.0,0.0,0.0,0.0,0.0,0.0,0.0,0.0,0.0,0.0,0.0,TIDOC-2699,4
0.0,0.004775483563118028,0.0,0.010506211204881717,0.0,0.009375486188894666,0.0,0.006678072456700805,0.007179621740595872,0.06673851689997767,0.0,0.0,0.5938796878550214,0.0,0.0,0.0,0.0,0.0,0.0,0.13467588481980353,0.0,0.0,0.5677777779079699,0.0,0.023493663149069706,0.0,0.0,0.10278686905183061,0.07594474848324662,0.0,0.0,0.5272222223431149,0.04238286763143498,0.0,0.0,0.054372804539014934,0.0,0.004687743094447333,0.0,0.0,0.0,0.0,0.007460968819899474,0.04725695924149765,0.0031203690504676977,0.0,0.0,0.0,0.0,0.010255835093041349,GB-561,3
0.0,0.0,0.0,0.0,0.0,0.0,0.0,0.0,0.0,0.0,0.0,0.0,0.0,0.0,0.0,0.0,0.0,0.0,0.0,0.0,0.0,0.0,0.0,0.0,0.0,0.0,0.0,0.0,0.0,0.0,0.49607384646568176,0.0,0.0,0.0,0.0,0.0,0.0,0.0,0.0,0.0,0.0,0.0,0.0,0.0,0.0,0.0,0.0,0.868280334254291,0.0,0.0,GB-553,8
0.0,0.0,0.0,0.0,0.0,0.0,0.0,0.0,0.0,0.0,0.0,0.0,0.0,0.0,0.0,0.0,0.0,0.0,0.0,0.0,0.0,0.0,0.0,0.0,0.0,0.0,0.0,0.0,0.0,0.0,0.0,0.0,0.0,0.0,0.0,1.0,0.0,0.0,0.0,0.0,0.0,0.0,0.0,0.0,0.0,0.0,0.0,0.0,0.0,0.0,DAEMON-67,5
0.0,0.0,0.0,0.0,0.0,0.0,0.0,0.0,0.0,0.0,0.0,0.0,0.0,0.0,0.0,0.0,0.0,0.0,0.0,0.0,0.0,0.0,0.0,0.0,0.0,0.0,0.0,0.0,0.0,0.0,1.0,0.0,0.0,0.0,0.0,0.0,0.0,0.0,0.0,0.0,0.0,0.0,0.0,0.0,0.0,0.0,0.0,0.0,0.0,0.0,DAEMON-40,5
0.0,0.0,0.0,0.0,0.0,0.0,0.0,0.0,0.0,0.0,0.0,0.0,0.0,0.0,0.0,0.9336798759169251,0.0,0.0,0.0,0.0,0.0,0.0,0.0,0.3581087674265391,0.0,0.0,0.0,0.0,0.0,0.0,0.0,0.0,0.0,0.0,0.0,0.0,0.0,0.0,0.0,0.0,0.0,0.0,0.0,0.0,0.0,0.0,0.0,0.0,0.0,0.0,ALOY-1691,5
0.0,0.0,0.0,0.0,0.15817300713586152,0.0,0.11784361983810267,0.0,0.0,0.0,0.0,0.0,0.0,0.0,0.11784361983810267,0.8679641862458749,0.0,0.0,0.0,0.0,0.1031737140942222,0.0,0.0,0.42801918000837774,0.0,0.0,0.0,0.0,0.0,0.0,0.0,0.0,0.0,0.0,0.0,0.0,0.0,0.0,0.0,0.0,0.0,0.0,0.0,0.0,0.0,0.0,0.0,0.0,0.0,0.0,ALOY-1690,5
0.0,0.17823477892044118,0.0,0.0,0.0,0.0,0.16332006588308173,0.8723570362477826,0.0,0.0,0.0,0.0,0.0,0.0,0.0,0.0,0.0,0.0,0.0,0.0,0.0,0.0,0.0,0.19773131198285604,0.0,0.0,0.0,0.0,0.0,0.0,0.0,0.0,0.0,0.0,0.0,0.0,0.0,0.0,0.0,0.0,0.0,0.0,0.1392324055324385,0.0,0.34938343762019014,0.0,0.0,0.0,0.0,0.0,ALOY-1574,5
