0.0,0.0,0.0,0.0,0.0,0.0,0.0,0.0308432284399691,0.0,0.0,0.4617540148515016,0.0,0.5720727549875904,0.4283198470069057,0.0,0.0,0.0,0.0,0.0,0.0,0.0,0.0134062170418172,0.0,0.0,0.0,0.0,0.0,0.5243348834794763,0.0,0.0,0.0,0.0,0.0,0.0,0.0,0.0,0.0,0.0,0.0,0.0,0.0,0.0,0.0,0.0,0.0,0.0,0.0,0.0,0.0,0.0,XD-3707,1,2.1,2.0
0.0,0.0,0.0,0.0,0.0,0.0,0.0,0.0,0.2354009112745725,0.0,0.0,0.0,0.0,0.0,0.0,0.0,0.2070597652460696,0.0,0.0,0.0,0.0,0.2070597652460696,0.0,0.0,0.0,0.0,0.4100715069163425,0.0,0.0,0.0,0.3234903615402439,0.0,0.0,0.1937124447083695,0.0,0.0,0.0,0.0,0.0,0.426801533968342,0.2050357534581712,0.426801533968342,0.0,0.0,0.0,0.0,0.3770291675494025,0.0,0.0,0.0,XD-3706,1,1.85,2.0
0.0,0.0,0.0,0.0,0.0,0.0,0.0,0.0,0.0,0.0,0.2347217807541799,0.0,0.0,0.0,0.0,0.0,0.0,0.0,0.0,0.0,0.0,0.0,0.0,0.0,0.0,0.0,0.0,0.9720625934782114,0.0,0.0,0.0,0.0,0.0,0.0,0.0,0.0,0.0,0.0,0.0,0.0,0.0,0.0,0.0,0.0,0.0,0.0,0.0,0.0,0.0,0.0,XD-3698,1,4.5166666666666675,5.0
0.0,0.0,0.0,0.0,0.0,0.0,0.0,0.0,0.0,0.0,0.0,0.0,0.9339476213594318,0.0,0.0,0.0,0.0,0.0,0.0,0.0,0.0,0.0,0.0,0.0,0.0,0.0,0.0,0.3323341887263725,0.0,0.0,0.0,0.0,0.0,0.0,0.0,0.0,0.0,0.0,0.0,0.0,0.0,0.0,0.0,0.0,0.0,0.0,0.1315136021886832,0.0,0.0,0.0,XD-3691,2,2.3,2.0
0.3530437662953713,0.0,0.0,0.1164022384650288,0.1594055013691723,0.0,0.106983441047997,0.1575449616571169,0.0,0.0342459791881357,0.0,0.0,0.0,0.0,0.0,0.0,0.0456519860089848,0.0,0.0,0.0,0.0349299594640592,0.0,0.0,0.0,0.0,0.8064834835107644,0.2034258177435221,0.0,0.0245351154037387,0.1543550073439129,0.0,0.0,0.0230539161102875,0.1921914193367061,0.0,0.0,0.0480360729320647,0.0283151621459033,0.0,0.1646751161908083,0.0678086059145073,0.0,0.0,0.0617420029375651,0.0537999886360801,0.0,0.020781596875532,0.0,0.0,0.0,XD-3686,1,1.35,1.0
0.0,0.5632362921904779,0.0,0.0,0.0,0.0,0.0483135238426102,0.0,0.0,0.0,0.0057265700368859,0.0,0.0133294709015556,0.0,0.0399884127046668,0.1310381351736741,0.0051540880834027,0.0,0.0049586307430771,0.0,0.0,0.0309245285004163,0.0,0.0,0.0197126382421543,0.4324951564490065,0.321533528910393,0.0296445887121345,0.0166200190154837,0.0,0.0,0.0566557357953491,0.0,0.2652017164853046,0.0241567619213051,0.2233523227651895,0.0162697511795363,0.1662319722057409,0.3204620283152719,0.1381101010554626,0.1326963770106383,0.0,0.0154654207773821,0.013941287089823,0.0,0.0,0.009384930661214,0.0262835176562058,0.2745806245302036,0.0238365238050544,XD-3685,3,2.75,3.0
0.0,0.0,0.0,0.0,0.0,0.0,0.0,0.0,0.0,0.0,0.386077273951891,0.0,0.0,0.0,0.0,0.0,0.0,0.0,0.3343038900232005,0.0,0.0,0.0,0.0,0.0,0.0,0.0,0.0,0.7994385416530843,0.0,0.0,0.0,0.0,0.0,0.0,0.0,0.0,0.0,0.0,0.0,0.0,0.0,0.0,0.0,0.0,0.0,0.0,0.3163593933690325,0.0,0.0,0.0,XD-3684,3,2.95,3.0
0.0,0.0,0.0,0.0,0.0,0.0,0.0,0.1791580459578611,0.0,0.0,0.4326089273037226,0.0,0.4027854768984111,0.0,0.0,0.0,0.1557445034376799,0.0,0.0749191195721195,0.0,0.0,0.0,0.0,0.0,0.0,0.0,0.0,0.7166321838314444,0.0,0.0,0.0,0.0,0.0786498251397871,0.0728525130774452,0.0,0.0,0.0,0.0,0.0,0.0,0.0771110494870021,0.0,0.0,0.0,0.0,0.0,0.0,0.0,0.0,0.2400946914129123,XD-3683,1,2.45,2.0
0.0,0.0,0.0,0.0,0.0,0.0,0.0,0.0,0.0,0.0,0.0,0.0,0.0,0.0,0.0,0.0,0.0,0.0,0.0,0.0,0.0,0.4280088568825687,0.0,0.0,0.0,0.0,0.0,0.0,0.0,0.0,0.0,0.0,0.4322826296796297,0.0,0.0,0.0,0.0,0.0,0.0,0.4411162073240698,0.0,0.0,0.0,0.0,0.0,0.0,0.0,0.0,0.0,0.6598156091995468,XD-3673,5,3.15,3.0
0.0,0.0,0.0,0.7429692175226907,0.0,0.0,0.0,0.2234608742744269,0.0,0.0,0.0,0.0,0.0,0.0,0.0,0.0,0.0,0.0,0.0934453815342117,0.0,0.0,0.5827726471710833,0.0,0.0,0.0,0.0,0.0,0.0,0.0,0.0,0.0,0.0,0.0980986290250196,0.0,0.0,0.0,0.0,0.0,0.0,0.0,0.0,0.2002064955109469,0.0,0.0,0.0,0.0,0.0,0.0,0.0,0.0,XD-3667,1,2.55,3.0
0.0,0.0,0.0,0.0,0.0,0.0,0.0,0.0,0.0,0.0,0.0,0.0,0.0,0.6081242346301883,0.0,0.0,0.590054398784389,0.0,0.0,0.0,0.0,0.0,0.0,0.0,0.0,0.0,0.0,0.0,0.0,0.0,0.0,0.0,0.0,0.0,0.0,0.0,0.3104344258792391,0.3659750086928365,0.0,0.0,0.0,0.0,0.0,0.0,0.0,0.0,0.0,0.0,0.0,0.2274059849079316,XD-3665,1,3.15,3.0
0.0,0.0,0.0,0.1075714356867397,0.0,0.0,0.0,0.194123846576026,0.0,0.5063667773190101,0.0,0.0,0.0,0.0,0.0,0.0,0.0,0.0,0.1623548369895685,0.0,0.0,0.0,0.0,0.0,0.0,0.0,0.2506573477049191,0.388247693152052,0.2720852406472872,0.0,0.0,0.0,0.1704395301594032,0.3946908997503319,0.0,0.0,0.0,0.0,0.0,0.0,0.4177622461748652,0.0,0.0,0.0,0.0,0.0,0.0,0.0,0.145004560818864,0.0,XD-3663,2,2.2,2.0
0.0,0.0,0.0,0.9417650609194008,0.0,0.0,0.0,0.0,0.0,0.0,0.0,0.0,0.0,0.0,0.0,0.0,0.0,0.0,0.0,0.0,0.0,0.0,0.0,0.0,0.0,0.0,0.0,0.0,0.0,0.0,0.0,0.0,0.0,0.0,0.0,0.0,0.0,0.0,0.0,0.0,0.0,0.0,0.0,0.0,0.0,0.0,0.3362715718455504,0.0,0.0,0.0,XD-3653,2,2.5,2.0
0.0,0.0,0.0,0.0,0.0,0.0,0.0,0.0,0.0,0.0,0.0,0.0,0.0,0.4088216944759503,0.0,0.0,0.0,0.0,0.0,0.0,0.0,0.0,0.0,0.0,0.0,0.0,0.0,0.9126142789403489,0.0,0.0,0.0,0.0,0.0,0.0,0.0,0.0,0.0,0.0,0.0,0.0,0.0,0.0,0.0,0.0,0.0,0.0,0.0,0.0,0.0,0.0,XD-3648,1,4.166666666666667,4.0
0.0,0.0,0.0,0.0,0.0,0.0,0.0,0.0,0.4256029804696387,0.0,0.0,0.0,0.0,0.0,0.0,0.0,0.0,0.0,0.0,0.0,0.0,0.3743624132418132,0.0,0.0,0.0,0.0,0.0,0.0,0.0,0.0,0.0,0.0,0.0,0.0,0.0,0.0,0.0,0.0,0.0,0.7716537881795419,0.0,0.0,0.0,0.0,0.0,0.0,0.0,0.0,0.0,0.2885573041101002,XD-3629,3,2.9,3.0
0.0,0.0,0.0,0.0,0.0,0.0,0.0,0.0,0.4004233559829159,0.0,0.0,0.0,0.0,0.0,0.0,0.0,0.0,0.0,0.3388573506704886,0.0,0.0,0.352214295348065,0.0,0.0,0.0,0.0,0.0,0.0,0.0,0.0,0.0,0.0,0.0,0.0,0.0,0.0,0.0,0.0,0.0,0.7260010237212722,0.0,0.0,0.0,0.0,0.0,0.0,0.0,0.0,0.0,0.2714856084364095,XD-3628,1,2.6,3.0
0.0,0.0,0.0,0.8690352902806703,0.0,0.0,0.0,0.0,0.0,0.0,0.0,0.0,0.0,0.0,0.0,0.0,0.3408283847146667,0.0,0.0,0.0,0.0,0.0,0.0,0.0,0.0,0.0,0.0,0.0,0.0,0.0,0.0,0.0,0.0,0.0,0.0,0.0,0.3586274897711863,0.0,0.0,0.0,0.0,0.0,0.0,0.0,0.0,0.0,0.0,0.0,0.0,0.0,XD-3591,1,3.1,3.0
0.0,0.0,0.0,0.1135097108937312,0.0,0.0,0.4172998603432541,0.0341400136596856,0.0337405784868366,0.0,0.0,0.0,0.0,0.0,0.0767540280410798,0.0,0.0593567477961214,0.0,0.0428293312514478,0.0,0.0,0.0296783738980607,0.0,0.0,0.0189182851489552,0.0,0.4996005461915838,0.0,0.0478508642608178,0.0,0.1159166278731261,0.020389762495265,0.0,0.4720095961222293,0.0,0.0,0.1561413486799622,0.0736307917894257,0.0,0.061174489840289,0.4996005461915838,0.0,0.0,0.1404847506113875,0.0,0.0,0.0,0.0189182851489552,0.0,0.0800659719249776,XD-3568,3,2.75,3.0
0.0,0.0,0.0,0.2392390538929399,0.0,0.0,0.0,0.0,0.0,0.0,0.0,0.0,0.0,0.0,0.0,0.0,0.0,0.0,0.0,0.0,0.5743264435390303,0.0,0.0,0.0,0.0,0.0,0.0,0.0,0.0,0.0,0.0,0.0,0.0,0.0,0.0,0.0,0.0,0.0,0.7071331739840615,0.0,0.0,0.0,0.0,0.0,0.0,0.0,0.1708479025987275,0.0,0.0,0.2892878839029779,XD-3567,3,3.15,3.0
0.6962369876008964,0.0,0.0,0.1475721313503007,0.0,0.0,0.0,0.1331546316280794,0.0657983670439809,0.0,0.0,0.0,0.0,0.0,0.0,0.0,0.1157531154822938,0.0,0.0556817178664249,0.0,0.0,0.0578765577411469,0.0,0.0,0.0,0.0,0.2865540683367184,0.0,0.0,0.0,0.0,0.0,0.0,0.0,0.0,0.0,0.0,0.0,0.0,0.0,0.0,0.0,0.6078279153270213,0.0,0.0,0.0,0.0,0.0,0.0,0.0,XD-3505,3,2.95,3.0
0.0,0.0,0.0,0.0,0.0,0.5383788910586855,0.0,0.0,0.0,0.0253892228384529,0.0564070638074614,0.0,0.021882683433561,0.0174409347567813,0.0,0.0,0.0169226938939681,0.2908210626861702,0.0162809383232185,0.0,0.2071704873028408,0.0,0.0,0.0,0.0,0.3487804153622665,0.2681163896012964,0.0,0.0363796000067939,0.0,0.0,0.0232526020774089,0.0170916711187476,0.2691412251098426,0.0,0.286960955092028,0.0,0.0,0.0,0.2267321518381573,0.2848736639513775,0.0697637390271253,0.0,0.2975321425620877,0.0,0.0244637852595391,0.0,0.0215745208732943,0.0,0.0,XD-3468,2,2.3,2.0
0.0,0.0,0.0,0.0,0.0,0.0,0.0,0.0,0.0,0.0,0.1325505966653022,0.0,0.1542659314260968,0.3688590642960493,0.0,0.0,0.0,0.0,0.459101667772639,0.0,0.0,0.0,0.0,0.0,0.0,0.0,0.0,0.0,0.0,0.1613466621498962,0.0,0.0,0.0,0.0,0.0,0.0,0.0,0.0,0.0,0.0,0.0,0.7377181285920987,0.0,0.0,0.0,0.1724618751959293,0.1086145939710599,0.0,0.0,0.0,XD-3464,2,3.5,4.0
0.0,0.0,0.0,0.0,0.0,0.0,0.6183234992410594,0.0,0.1499827429074937,0.0,0.0,0.0,0.0,0.0,0.0,0.0,0.0,0.0,0.0,0.0,0.0,0.1319255366057786,0.0,0.0,0.0,0.0,0.0,0.0,0.0,0.0,0.0,0.0,0.5329713810243801,0.0,0.0,0.0,0.0,0.0,0.0,0.4078968793818705,0.0,0.0,0.0,0.3568452363518535,0.0,0.0,0.0,0.0,0.0,0.0,XD-3460,2,3.35,3.0
0.0,0.0,0.0,0.0,0.0,0.0,0.0,0.0,0.0,0.0,0.2420413844214962,0.0,0.0,0.2245159227864974,0.0,0.0,0.0,0.0,0.0,0.0,0.0,0.0,0.0,0.0,0.2777272852684044,0.0,0.0,0.0,0.0,0.0,0.0,0.0,0.8800795064489119,0.0,0.0,0.0,0.0,0.0,0.0,0.0,0.0,0.0,0.0,0.0,0.0,0.0,0.1983335221003631,0.0,0.0,0.0,XD-3424,3,3.3,3.0
0.0,0.0,0.010005598515896,0.0,0.2358241802576735,0.0,0.0545762375688993,0.0133949253749846,0.0,0.4367537344196952,0.0064688853540504,0.0,0.0,0.0060004935442589,0.0,0.1707970984350248,0.0116443891199977,0.0,0.0056014007658027,0.0,0.0,0.0116443891199977,0.0,0.0,0.0668037565207413,0.4885579963625363,0.4093350600244556,0.0,0.0187744141607961,0.0,0.0,0.0719997990581431,0.0,0.2995788907828901,0.0363841583792662,0.2193953965193041,0.0367574846518702,0.0144446187273358,0.1206674680856172,0.1680138192392518,0.1498973459244485,0.0060004935442589,0.0262052240651817,0.0157484475508152,0.0,0.0,0.0,0.0371131980670785,0.3101735539927763,0.0,XD-3385,3,2.4,2.0
0.0,0.0,0.0,0.0,0.0,0.0,0.0,0.0,0.3084032734320564,0.0,0.0,0.0,0.0,0.0,0.0,0.0,0.5425459829548145,0.0,0.5219711318625063,0.0,0.0,0.5425459829548145,0.0,0.0,0.0,0.0,0.0,0.0,0.0,0.0,0.0,0.0,0.0,0.0,0.0,0.0,0.0,0.0,0.0,0.0,0.0,0.0,0.0,0.0,0.0,0.0,0.0,0.0,0.0,0.2090963203831058,XD-3346,1,2.7,3.0
0.0,0.0,0.0,0.0,0.0,0.0,0.0,0.0,0.0,0.0,0.0,0.0,0.0,0.0,0.0,0.0,0.0,0.0,0.0,0.0,0.0,0.0,0.0,0.0,0.0,0.0,0.0,0.0,0.0,0.0,0.0,0.0,1.0,0.0,0.0,0.0,0.0,0.0,0.0,0.0,0.0,0.0,0.0,0.0,0.0,0.0,0.0,0.0,0.0,0.0,XD-3338,2,2.3,2.0
0.0,0.0,0.0,0.0,0.0,0.0,0.0,0.0,0.0,0.0,0.0,0.0,0.0,0.0,0.0,0.0,1.0,0.0,0.0,0.0,0.0,0.0,0.0,0.0,0.0,0.0,0.0,0.0,0.0,0.0,0.0,0.0,0.0,0.0,0.0,0.0,0.0,0.0,0.0,0.0,0.0,0.0,0.0,0.0,0.0,0.0,0.0,0.0,0.0,0.0,XD-3335,3,2.15,2.0
0.0,0.0,0.0,0.0,0.0,0.0,0.0,0.0,0.2224865365823141,0.0,0.0,0.0,0.0,0.2016933464413747,0.0,0.0,0.0,0.0,0.0,0.0,0.0,0.1957002196198431,0.0,0.0,0.0,0.2881017319665827,0.0,0.0,0.0,0.0,0.0,0.0,0.7906173361207584,0.0,0.0,0.0,0.0,0.0,0.0,0.2016933464413747,0.0,0.0,0.0,0.0,0.0,0.0,0.1781724489178741,0.0,0.0,0.3016901579314274,XD-3321,3,3.65,4.0
0.0,0.0,0.0,0.0,0.0,0.0,0.0,0.0,0.0,0.0,0.0,0.0,0.0,0.0,0.0,0.0,0.0,0.0,0.0,0.0,0.0,0.0,0.0,0.0,0.0,0.0,0.0,0.0,0.0,0.0,0.0,0.0,0.9116766289557126,0.0,0.0,0.0,0.0,0.0,0.0,0.0,0.0,0.0,0.0,0.0,0.0,0.0,0.4109084134158705,0.0,0.0,0.0,XD-3308,2,3.05,3.0
0.0,0.2608037920847033,0.0,0.0,0.0,0.0,0.0,0.3184613157715221,0.4721030193595967,0.0,0.3075925671483474,0.0,0.0,0.0,0.0,0.0,0.0,0.0,0.0,0.0,0.0,0.0,0.0,0.0,0.0,0.0,0.1370682859866063,0.0,0.0,0.0,0.0,0.0,0.1398035274681881,0.0,0.0,0.0,0.0,0.0,0.0,0.0,0.0,0.5706414976979084,0.0,0.0,0.0,0.2001046855363577,0.2520474643633137,0.0,0.0,0.2133894431821879,XD-3306,0,1.45,1.0
0.0,0.0,0.0,0.0,0.0,0.0,0.0,0.0,0.0,0.0,0.0,0.0,0.0,0.0,0.0,0.0,0.0,0.0,0.0,0.0,0.0,0.5321297648749386,0.0,0.0,0.0,0.0,0.0,0.0,0.0,0.0,0.0,0.0,0.0,0.4978280427079297,0.0,0.0,0.0,0.0,0.0,0.5484257157563546,0.0,0.0,0.0,0.0,0.0,0.0,0.0,0.0,0.0,0.4101638544836249,XD-3290,8,6.55,7.0
0.0,0.0,0.0,0.0,0.0,0.0,0.0,0.0,0.2512128316762924,0.0,0.0,0.0,0.0,0.0,0.0,0.0,0.0,0.0,0.0,0.0,0.0,0.2209680059098061,0.0,0.0,0.0,0.0,0.0,0.0,0.0,0.0,0.0,0.0,0.0,0.0,0.0,0.0,0.2325076338507446,0.0,0.0,0.6832048015326904,0.0,0.0,0.0,0.2988480559707979,0.0,0.0,0.4023542827077898,0.0,0.0,0.3406428093449242,XD-3287,5,4.3,4.0
0.0,0.0,0.0,0.0,0.0,0.0,0.0,0.6894300922801982,0.0,0.0,0.0,0.0,0.0,0.0,0.0,0.0,0.0,0.0,0.0,0.0,0.0,0.2996654345136931,0.0,0.0,0.0,0.0,0.0,0.0,0.0,0.0,0.0,0.0,0.0,0.0,0.0,0.0,0.0,0.0,0.0,0.6176847876541371,0.0,0.0,0.0,0.0,0.0,0.0,0.0,0.0,0.0,0.2309811211265987,XD-3253,3,2.5,2.0
0.0,0.0,0.0,0.6695723199016618,0.0,0.0,0.0,0.0,0.0,0.0,0.0,0.0,0.0,0.0,0.0,0.0,0.5252013463527615,0.0,0.0,0.0,0.0,0.5252013463527615,0.0,0.0,0.0,0.0,0.0,0.0,0.0,0.0,0.0,0.0,0.0,0.0,0.0,0.0,0.0,0.0,0.0,0.0,0.0,0.0,0.0,0.0,0.0,0.0,0.0,0.0,0.0,0.0,XD-3237,1,2.0,2.0
0.0,0.0,0.0,0.5702737425025859,0.0,0.0,0.0,0.3430394317015842,0.1695129501818968,0.0,0.0,0.0,0.0,0.0,0.0,0.0,0.1491044001520125,0.0,0.0,0.0,0.0,0.1491044001520125,0.0,0.0,0.0,0.0,0.0,0.6860788634031684,0.0,0.0,0.0,0.0,0.0,0.0,0.0,0.0,0.0,0.0,0.0,0.0,0.0,0.0,0.0,0.0,0.0,0.0,0.0,0.0,0.0,0.1149291761591112,XD-3220,2,2.45,2.0
0.0,0.0,0.0,0.5230597762516628,0.0,0.0,0.0,0.2359789453095605,0.0,0.0,0.0,0.0,0.0,0.0,0.0,0.0,0.1025698384420571,0.0,0.0,0.0,0.0,0.2051396768841143,0.0,0.0,0.0,0.0,0.1015672169919515,0.0,0.0,0.0,0.0,0.0,0.0,0.0,0.0,0.0,0.0,0.7634143074155049,0.0,0.0,0.0,0.0,0.0,0.0,0.0,0.0,0.0,0.0,0.0,0.1581209812574355,XD-3217,5,4.5,4.0
0.0,0.0,0.0,0.0,0.0,0.0,0.0,0.0,0.3970732715226003,0.0,0.0,0.0,0.0,0.0,0.0,0.0,0.0,0.0,0.0,0.0,0.0,0.3492675450651047,0.0,0.0,0.0,0.0,0.0,0.0,0.0,0.0,0.0,0.0,0.0,0.0,0.0,0.0,0.0,0.0,0.0,0.7199270404947652,0.0,0.3599635202473826,0.0,0.0,0.0,0.0,0.0,0.0,0.0,0.2692142631104367,XD-3216,2,3.05,3.0
0.0,0.0,0.0,0.5780237082065836,0.0,0.0,0.0,0.6519399465391273,0.0,0.0,0.0,0.0,0.0,0.0,0.0,0.0,0.1133480360338444,0.0,0.0,0.0,0.0,0.2266960720676888,0.0,0.0,0.0,0.0,0.0,0.2607759786156509,0.0,0.1532974879207121,0.0,0.0,0.0,0.0,0.0,0.0,0.0,0.0,0.0,0.2336384163966012,0.0,0.0,0.0,0.0,0.0,0.0,0.0,0.0,0.0,0.1747365790324352,XD-3214,2,2.5,2.0
0.0,0.0,0.0,0.0,0.0,0.0,0.0,0.0,0.2144225240846514,0.0,0.0,0.0,0.0,0.0,0.0,0.0,0.0,0.0,0.0,0.0,0.0,0.1886070757332426,0.0,0.0,0.0,0.5553190005147036,0.0,0.0,0.0,0.0,0.0,0.0,0.7619614534894612,0.0,0.0,0.0,0.0,0.0,0.0,0.0,0.0,0.0,0.0,0.0,0.0,0.0,0.1717145981333556,0.0,0.0,0.0,XD-3200,5,4.1,4.0
0.0,0.0,0.0,0.0,0.0,0.0,0.0,0.0,0.0,0.0,0.0,0.0,0.0,0.0,0.0,0.0,0.0,0.0,0.0,0.0,0.4004543485416354,0.0,0.0,0.0,0.0,0.0,0.0,0.0,0.0,0.8848011114019033,0.0,0.0,0.0,0.0,0.0,0.0,0.0,0.0,0.0,0.0,0.0,0.0,0.0,0.0,0.0,0.0,0.2382505152062659,0.0,0.0,0.0,XD-3178,1,4.85,5.0
0.0,0.0,0.0,0.0,0.0,0.0,0.0,0.0474235164600274,0.0234343327333056,0.4020345994235287,0.0458050018910528,0.0,0.079963630400018,0.0424884045857971,0.0,0.0,0.0206129509362722,0.0,0.0198312505654077,0.1380469825221527,0.0630868098922948,0.0,0.0,0.0364322664256221,0.13139590629637,0.0,0.5102864770942178,0.2371175823001371,0.0221563692731137,0.0,0.0,0.0849695826383411,0.0,0.4242527393142837,0.1288148075095454,0.0,0.0650682676318816,0.0,0.0,0.0,0.4490520998429116,0.0424884045857971,0.123702953668778,0.1951458177320287,0.0242919667483747,0.0,0.0,0.0,0.0,0.0158883940842706,XD-3150,3,2.7,3.0
0.0,0.0,0.0563097706046167,0.0,0.4576474230638029,0.0,0.0,0.0753843134853989,0.0,0.0,0.0,0.0,0.0,0.0,0.0,0.0,0.0327662997439013,0.0,0.0630474212383754,0.0,0.6016958937732597,0.0,0.0535360653516895,0.0,0.0,0.0482371850409358,0.4542441225730338,0.1130764702280983,0.1056591420244316,0.0,0.0511909309753833,0.0450224848518716,0.0,0.3678497376771558,0.0,0.0,0.1379098262145409,0.0,0.0,0.0,0.0648920175104334,0.0,0.0,0.0,0.0,0.0,0.0,0.0,0.0,0.1262807747963783,XD-3136,5,3.55,4.0
0.0,0.0,0.0,0.0,0.0,0.0,0.4098080317413036,0.0,0.0,0.0,0.0,0.0,0.0,0.0,0.0753760548442518,0.0,0.0291455549073091,0.0,0.0,0.0,0.0,0.0,0.0,0.0,0.0,0.0858137498694098,0.5483524781466989,0.0,0.0313278617502466,0.0,0.0,0.0,0.0588731607591961,0.5180691528775737,0.0,0.0,0.0920028759031943,0.0,0.0,0.0,0.4617705079130095,0.0600762177432933,0.0,0.0,0.0,0.0,0.0530703021487983,0.0371572863429039,0.0500874228644113,0.11232648435533,XD-3135,2,2.8,3.0
0.0,0.0,0.0,0.0,0.0,0.0,0.0,0.0,0.0,0.0,0.0,0.0,0.0,1.0,0.0,0.0,0.0,0.0,0.0,0.0,0.0,0.0,0.0,0.0,0.0,0.0,0.0,0.0,0.0,0.0,0.0,0.0,0.0,0.0,0.0,0.0,0.0,0.0,0.0,0.0,0.0,0.0,0.0,0.0,0.0,0.0,0.0,0.0,0.0,0.0,XD-3133,1,2.5,2.0
0.0,0.0,0.0,0.0,0.0,0.0,0.0,0.0,0.0,0.0,0.0,0.0,0.0,0.0,0.0,0.0,0.0,0.0,0.0,0.0,0.0,0.0,0.0,0.0,0.0,0.0,0.0,0.0,0.0,0.0,0.0,0.0,1.0,0.0,0.0,0.0,0.0,0.0,0.0,0.0,0.0,0.0,0.0,0.0,0.0,0.0,0.0,0.0,0.0,0.0,XD-3124,3,2.3,2.0
0.0,0.0,0.0,0.0,0.0,0.0,0.0,0.0,0.2607875485423487,0.0,0.0,0.0,0.0,0.0,0.0,0.0,0.0,0.0,0.4413817349389682,0.0,0.0,0.2293899725702103,0.0,0.0,0.0,0.0,0.0,0.0,0.0,0.0,0.0,0.0,0.0,0.0,0.0,0.0,0.0,0.0,0.0,0.4728296299069627,0.0,0.0,0.0,0.0,0.5406633531815754,0.0,0.2088447997116821,0.0,0.0,0.3536260571757453,XD-3090,2,2.8,3.0
0.0,0.0,0.0,0.0,0.0,0.0,0.0,0.0775045476074671,0.0,0.0,0.2245781975731945,0.0,0.2178084300021601,0.0694390636080497,0.0,0.0,0.0,0.0,0.1296413440667375,0.0,0.0,0.0,0.0,0.0,0.0,0.0,0.0,0.8525500236821386,0.0,0.0,0.0,0.0,0.0,0.1260652523406632,0.0,0.0,0.0,0.0,0.0,0.0,0.1334342976130205,0.0,0.0,0.0,0.0,0.0,0.0,0.0,0.0,0.3375645152280195,XD-3087,3,2.7,3.0
0.0,0.0,0.0,0.0,0.0,0.0,0.0,0.0,0.0,0.0,0.0,0.0,0.0,0.0,0.0,0.0,0.0,0.0,0.0,0.0,0.0,0.0,0.0,0.0,0.0,0.0,0.0,0.0,0.0,0.0,0.0,0.0,0.0,0.0,0.0,0.0,0.0,0.0,0.0,0.0,0.0,0.6583068153753884,0.0,0.0,0.7527497172568809,0.0,0.0,0.0,0.0,0.0,XD-3086,1,2.15,2.0
0.0,0.0,0.0,0.0,0.0,0.0,0.0,0.0,0.0,0.0,0.0,0.0,0.0,0.0,0.0,0.0,0.0,0.0,0.0,0.0,0.0,0.0,0.0,0.0,0.0,0.0,0.0,0.0,0.0,0.0,0.896792244439479,0.0,0.0,0.0,0.0,0.0,0.0,0.0,0.0,0.0,0.0,0.0,0.0,0.0,0.0,0.0,0.0,0.0,0.0,0.4424518847436428,XD-3075,1,1.6,2.0
0.0,0.0,0.0,0.0,0.0,0.0,0.0,0.0,0.0,0.0,0.0,0.0,0.0,0.0,0.0,0.0,0.0,0.0,0.0,0.0,0.0,0.0,0.0,0.0,0.0,0.0,0.0,0.0,0.0,0.0,0.0,0.0,0.0,0.0,0.0,0.0,0.0,0.0,0.0,0.0,0.0,0.0,0.0,0.0,0.0,0.0,0.0,0.0,0.0,1.0,XD-3074,1,2.15,2.0
0.0,0.0,0.0,0.0,0.0,0.2967177080956107,0.0,0.0,0.0,0.0,0.0,0.0,0.0,0.0,0.0620241013467884,0.0,0.0239827735096324,0.2885053056773274,0.0461465602080315,0.0,0.0,0.0,0.0,0.0847764880273173,0.0,0.0,0.7124502479832941,0.0,0.1546710670536229,0.0,0.0,0.0659069876966666,0.0484444947016567,0.3141154127497352,0.0,0.0,0.0504704552040807,0.0,0.0,0.0247172223694983,0.3324767823922039,0.0494344447389967,0.0359815041703992,0.1946129316947476,0.0,0.0,0.0,0.0305753239363079,0.0,0.1478867370064217,XD-3067,3,2.55,3.0
0.0183873297192822,0.0,0.0,0.0,0.0,0.0,0.0,0.0,0.0121639528488407,0.0,0.0,0.0,0.0,0.0,0.0,0.0,0.010699470990609,0.0,0.0308811519691781,0.0,0.0,0.0,0.0174816070981089,0.0,0.136406154756708,0.0,0.7734264975603017,0.0,0.0805042430457757,0.0,0.0,0.1323143281134929,0.0,0.5205080541414258,0.2005899543986178,0.0,0.1013240720490074,0.0,0.0,0.0,0.0635693011693398,0.0,0.1605248283377397,0.0,0.0504364841953245,0.0,0.0194823588059915,0.0272812309513416,0.0,0.0494827001095342,XD-3058,3,3.25,3.0
0.0,0.0,0.0,0.0,0.0,0.0,0.0,0.0,0.0,0.0,0.0,0.0,0.0,0.0,0.0,0.0,0.6470063775274583,0.0,0.0,0.0,0.0,0.0,0.0,0.0,0.0,0.0,0.0,0.0,0.0,0.0,0.0,0.0,0.0,0.0,0.0,0.0,0.0,0.0,0.0,0.0,0.0,0.0,0.0,0.0,0.7624845883287059,0.0,0.0,0.0,0.0,0.0,XD-3046,2,2.3,2.0
0.0,0.0,0.0,0.0,0.1403685018983844,0.0,0.0,0.2312169285198486,0.0,0.0,0.0,0.0,0.1299562354608928,0.2071554186479866,0.0,0.0,0.0,0.0,0.0,0.0,0.0,0.0,0.0,0.0,0.0,0.8877115078671408,0.0,0.0,0.0,0.0,0.0,0.0,0.1015035127237433,0.0940216456294737,0.0,0.1893550292162258,0.0,0.0,0.0,0.0,0.0,0.0,0.0,0.0,0.0,0.0,0.0,0.0,0.0,0.1549301255369564,XD-3029,2,2.05,2.0
0.0,0.0,0.5974631246819612,0.0,0.1528669253448188,0.0,0.0,0.0074060148136303,0.0365968254413799,0.0,0.0,0.0,0.0,0.0132706208758332,0.0,0.0,0.0,0.0,0.0,0.0107792301568123,0.2857112804155727,0.0128762969414418,0.4838802195686211,0.0,0.0,0.0189559493461563,0.0063752154891178,0.0666541333226728,0.0,0.0261218108920934,0.4727423107840715,0.0,0.0195073048590304,0.1023933410192161,0.0,0.0,0.0135487367154693,0.135768582034689,0.0,0.0199059313137499,0.0,0.0,0.0,0.0,0.0,0.2047565605192147,0.0234460785328399,0.0082079111893908,0.0,0.0248125172354282,XD-3025,5,4.2,4.0
0.0,0.0,0.0,0.0,0.0,0.0,0.0,0.0,0.0,0.0,0.0,0.0,0.0,0.0,0.0,0.0,0.0,0.0,0.0,0.0,0.0,0.0,0.0,0.0,0.0,0.0,0.0,0.0,0.0,0.0,0.0,0.0,0.7427640843668053,0.0,0.0,0.0,0.0,0.0,0.0,0.0,0.0,0.0,0.0,0.0,0.0,0.0,0.6695532204199613,0.0,0.0,0.0,XD-3022,3,3.4,3.0
0.0189327331461887,0.0,0.0,0.0,0.0,0.0,0.0,0.0,0.0500990359787628,0.1570219871738984,0.0,0.0,0.0,0.0,0.0071229195393115,0.0,0.0110168377988109,0.0,0.0264976217502928,0.0,0.0,0.0,0.0,0.2531315785030193,0.0632035001884592,0.0,0.6654580323869136,0.0570286456405671,0.0296043404031645,0.0,0.0344233061245126,0.0605506775912118,0.0,0.520487301391305,0.1118757449046659,0.0,0.0753491108847197,0.0,0.0,0.0,0.3654564604092066,0.0,0.0909074662585728,0.0446991483526912,0.1363228832318845,0.0,0.0,0.007022611132051,0.0,0.0127376129490985,XD-3015,2,3.0,3.0
0.0,0.0,0.0,0.0,0.0,0.0,0.0,0.0,0.0,0.0,0.0730757859199425,0.0,0.0,0.0,0.0,0.0,0.0,0.0,0.0,0.0,0.0,0.0,0.0,0.0,0.0,0.0,0.0,0.0,0.0,0.0,0.0,0.0,0.4649902250358136,0.0,0.0,0.0,0.0,0.0,0.0,0.677845962101815,0.0,0.0677845962101815,0.0,0.0,0.0,0.0,0.239519006824308,0.0,0.0,0.5069563745354333,XD-2996,5,4.4,4.0
0.0,0.0,0.0,0.0,0.0,0.0,0.0,0.0,0.0,0.0,0.3038808559194045,0.0,0.0,0.0,0.0,0.0,0.0,0.0,0.0,0.0,0.0,0.0,0.0,0.0,0.0,0.0,0.0,0.0,0.0,0.0,0.0,0.0,0.8286991323902003,0.0,0.0,0.0,0.0,0.0,0.0,0.2818777910519854,0.0,0.2818777910519854,0.0,0.0,0.0,0.0,0.2490060143946847,0.0,0.0,0.0,XD-2981,1,3.65,4.0
0.0,0.0,0.0,0.0,0.0,0.0,0.0,0.0,0.0,0.1163614914742736,0.0,0.0,0.0,0.0,0.0,0.0,0.0,0.0,0.0,0.0,0.0,0.0,0.0,0.5940151040156904,0.0,0.0,0.5120023953538314,0.0,0.0277885919218758,0.0349646475233168,0.0,0.0,0.0,0.4111675594308027,0.0,0.0,0.0816088373504369,0.0,0.0,0.0,0.4352020360507566,0.0,0.0,0.0,0.0,0.0,0.0,0.0659188728128959,0.0,0.0,XD-2865,2,2.35,2.0
0.0,0.0,0.0,0.0,0.0,0.0,0.0,0.0,0.0,0.0,0.0,0.0,0.0,0.0,0.0,0.0,0.0,0.0,0.0,0.0,0.0,0.0,0.0,0.0,0.0,0.0,0.0,0.0,0.0,0.0,0.0,0.0,0.0,0.0,0.0,0.0,0.0,0.0,0.0,0.0,0.0,0.0,0.0,0.0,0.0,0.0,1.0,0.0,0.0,0.0,XD-2842,2,2.9,3.0
0.0,0.0,0.0,0.0,0.0,0.0,0.0,0.0,0.0,0.0,0.0,0.0,0.0,0.0,0.0,0.0,0.0,0.0,0.0,0.0,0.0,0.0,0.0,0.0,0.8137932133736921,0.0,0.0,0.0,0.0,0.0,0.0,0.0,0.0,0.0,0.0,0.0,0.0,0.0,0.0,0.0,0.0,0.0,0.0,0.0,0.0,0.0,0.5811545455960234,0.0,0.0,0.0,XD-2767,1,3.05,3.0
0.0,0.0,0.0,0.0,0.0,0.0,0.0,0.0,0.0,0.0,0.0,0.0,0.0,0.0,0.0,0.0,0.0,0.0,0.6058554363100512,0.0,0.0,0.0,0.0,0.0,0.0,0.0,0.0,0.0,0.0,0.0,0.0,0.0,0.0,0.0,0.0,0.0,0.0,0.0,0.0,0.0,0.0,0.0,0.0,0.0,0.742132729583775,0.0,0.2866674065430059,0.0,0.0,0.0,XD-2764,1,3.15,3.0
0.3638089019205721,0.0,0.6366655783610012,0.0,0.0,0.0,0.0,0.0,0.0,0.0,0.1176060619246432,0.0,0.0684365409911032,0.1090905738347454,0.0,0.0,0.0,0.0,0.0,0.0,0.0,0.158773576084126,0.6053047214422724,0.0,0.0,0.0,0.0,0.0,0.0,0.0715777447160385,0.0,0.0,0.0534529896516572,0.0,0.0,0.0,0.0556884066260246,0.0,0.0,0.0,0.0,0.1090905738347454,0.0,0.0,0.0,0.0,0.048184372555994,0.0,0.0,0.1223821448366443,XD-2755,5,4.65,5.0
0.0,0.0,0.0,0.0,0.0,0.0,0.0,0.0,0.0,0.0,0.0,0.0,0.0,0.0,0.0,0.0,0.0,0.0,0.0,0.0,0.6847117876931764,0.0,0.0,0.0,0.0,0.0,0.0,0.2573552283708682,0.0,0.3025731911501107,0.0,0.0,0.0,0.0,0.0,0.0,0.0,0.0,0.0,0.0,0.0,0.0,0.0,0.0,0.0,0.0,0.6110544314718873,0.0,0.0,0.0,XD-2752,8,5.2,5.0
0.0168296976282999,0.0,0.0,0.0,0.0,0.0,0.0,0.0225306405665275,0.2115368234098702,0.1028484861479422,0.0,0.0,0.0,0.0,0.1772878892998473,0.0,0.0293792841544389,0.0,0.0282651400714174,0.0,0.0,0.0,0.0,0.5019540614621991,0.0,0.0,0.6012367598979962,0.0225306405665275,0.0631581834855137,0.0,0.0,0.0,0.0,0.3573109838962366,0.0,0.0184514608426211,0.0618271212146927,0.0,0.0,0.0,0.3781973167100298,0.0,0.0,0.0264893309454989,0.0,0.0141570938830519,0.0,0.0499403529330762,0.0,0.1207757578563459,XD-2722,5,3.45,3.0
0.0,0.0,0.0,0.0,0.0,0.0,0.0,0.0,0.0,0.0,0.0,0.0,0.0,0.0,0.3945843626148826,0.0,0.0,0.0,0.0,0.0,0.0,0.0,0.0,0.0,0.0,0.0,0.0,0.0,0.0,0.0,0.0,0.0,0.0,0.2854766528218835,0.0,0.0,0.0,0.0,0.0,0.0,0.3021639662550946,0.3144915999587903,0.0,0.0,0.7192192376548624,0.0,0.0,0.0,0.0,0.2352061238848372,XD-2710,1,1.25,1.0
0.0,0.1543677553345554,0.0,0.0,0.0228865012431062,0.0,0.0384001279050317,0.0,0.0,0.0,0.0,0.0,0.0,0.0422197882919229,0.0317832366684897,0.2243243092602146,0.0081930534515021,0.0140799835199981,0.015764700201814,0.0,0.0,0.0573513741605149,0.1204778884384189,0.0,0.0313356497162286,0.0120614728693601,0.5273428063685127,0.0,0.0264195531693244,0.0332420716704887,0.0384001279050317,0.1013188748850221,0.1158480832309032,0.4369004063843649,0.0512001705400422,0.1543677553345554,0.0431045993327874,0.2337561239410087,0.4322297149367552,0.0168879153167691,0.2109371225474051,0.0168879153167691,0.036876267060829,0.0221613811136591,0.077242848974651,0.0,0.0074592476206969,0.0208904331441524,0.2815996703999621,0.0568366053720645,XD-2685,3,2.9,3.0
0.0,0.0,0.0,0.0,0.0,0.0,0.0,0.0,0.0,0.0,0.0,0.0,0.0,0.0,0.0,0.0,0.0,0.0,0.0,0.0,0.0,0.0,0.0,0.0,1.0,0.0,0.0,0.0,0.0,0.0,0.0,0.0,0.0,0.0,0.0,0.0,0.0,0.0,0.0,0.0,0.0,0.0,0.0,0.0,0.0,0.0,0.0,0.0,0.0,0.0,XD-2616,3,2.6,3.0
0.0,0.0,0.0,0.0919434053164894,0.0,0.0,0.0,0.0,0.0,0.0,0.3525691758905872,0.0,0.4103294415809319,0.3419062299066076,0.0559540147610361,0.0,0.0576950973929984,0.0,0.0,0.0,0.0,0.0144237743482496,0.0,0.0,0.0,0.0,0.0714139088704521,0.0,0.0310075419826986,0.4486707875998671,0.0,0.0,0.0,0.0539760022928808,0.0,0.0,0.0,0.0178923873912617,0.0,0.0,0.0571311270963616,0.3865026946770347,0.0,0.0,0.0,0.4587285364237893,0.0131319178039689,0.0183886810632978,0.0,0.0333533920110849,XD-2609,1,1.75,2.0
0.0,0.0,0.0,0.0,0.0,0.2784639906239128,0.0,0.0,0.0,0.0,0.0,0.0,0.0,0.0,0.0,0.0,0.0,0.2707568053511425,0.4547306313852411,0.0,0.1205483940602836,0.0,0.0,0.2784639906239128,0.0,0.0,0.3900290119561158,0.0,0.338697073272896,0.0,0.0,0.0,0.0,0.2947914093572857,0.0,0.0,0.0,0.0,0.0,0.0811882697468112,0.3120232095648926,0.0,0.0,0.1065403369254849,0.2785074330195324,0.0,0.0,0.0,0.0,0.0607201535257741,XD-2607,1,2.55,3.0
0.0,0.0783035794646766,0.0,0.0,0.0,0.2938169359284336,0.0,0.0,0.0,0.0,0.0,0.0,0.0,0.0,0.2149620942725985,0.0,0.0,0.2856848196127679,0.1799257246247427,0.0,0.0,0.0,0.0,0.0,0.0,0.0,0.5555695876337996,0.0,0.1563497834087127,0.0,0.0,0.0285524171145597,0.0,0.4082459812100994,0.0,0.0,0.0655948726824379,0.2835455768732854,0.0,0.0428322681810528,0.3292264223015108,0.0,0.0,0.056207187288547,0.1469313867472554,0.0,0.0378372923508587,0.0,0.0,0.1601698070374757,XD-2573,5,3.4,3.0
0.0,0.0,0.3575586944209978,0.0,0.0,0.0,0.0,0.0,0.0,0.6243108588236882,0.0,0.0,0.0,0.0,0.0,0.0,0.0,0.0,0.0,0.0,0.0,0.0,0.0,0.0,0.0,0.0,0.0,0.0,0.0,0.0,0.0,0.0,0.0,0.3892985490045863,0.0,0.0,0.0,0.0,0.0,0.2144328132053516,0.4120546898032073,0.0,0.0,0.2813921794124084,0.0,0.0,0.1894262757361295,0.0,0.0,0.0,XD-2567,1,2.4,2.0
0.0,0.0,0.0,0.0,0.0,0.0,0.706368606914845,0.0,0.0,0.0,0.0,0.0,0.0,0.0,0.0,0.0,0.0,0.0,0.0,0.0,0.0,0.0,0.0,0.0,0.0,0.0,0.0,0.0,0.0,0.0,0.0,0.0,0.0,0.0,0.0,0.0,0.0,0.0,0.0,0.4659786516403381,0.0,0.0,0.0,0.0,0.5328295106135109,0.0,0.0,0.0,0.0,0.0,XD-2353,3,2.55,3.0
0.0,0.0,0.0,0.0,0.0,0.0,0.0,0.0,0.0,0.0,0.0,0.0,0.4026915414204682,0.1604765915100381,0.0,0.0,0.0,0.0,0.1498032946702811,0.0,0.0,0.0,0.0,0.0,0.0,0.0,0.0,0.7164650547005338,0.0,0.0,0.0,0.0,0.0,0.0,0.0,0.0,0.0,0.0,0.0,0.0,0.0,0.1604765915100381,0.0,0.0,0.0,0.0,0.1417622733115178,0.0,0.0,0.4800773956222983,XD-2344,3,3.25,3.0
0.0,0.0,0.0,0.0,0.0,0.0,0.0,0.0,0.0,0.0,0.0,0.0,0.0,0.0,0.0,0.0,0.0,0.0,0.0,0.0,0.0,0.0,0.0,0.0,0.0,0.0,0.0,0.0,0.0,0.0,0.0,0.0,0.0,0.0,0.0,0.0,0.0,0.0,0.0,0.0,0.0,0.0,0.0,0.0,0.0,0.0,1.0,0.0,0.0,0.0,XD-2322,3,2.9,3.0
0.0135738607869976,0.0,0.0,0.0,0.1875424457237595,0.3769266254508617,0.0616996449422305,0.0,0.1616337169120951,0.0,0.0,0.0,0.0102135827381123,0.0,0.0510679136905619,0.0,0.0315941753236187,0.3664942412489367,0.0151980182067859,0.0,0.0,0.0,0.0,0.0,0.0302092503385449,0.0465116321712471,0.4771014634528719,0.0,0.008489956356974,0.0,0.0370197869653383,0.0325589467921173,0.0,0.4729212308888545,0.0493597159537844,0.0,0.0332441201961092,0.0097979767734343,0.0,0.0651234317616477,0.344138760523383,0.0,0.2370046881171863,0.09614143066696,0.0,0.0,0.0071911155744802,0.0201395002256966,0.0,0.0730580560533715,XD-2310,1,2.15,2.0
0.0,0.0,0.0,0.0,0.0,0.0,0.0,0.5015431707826671,0.0,0.0,0.0,0.0,0.0,0.0,0.2818939893946385,0.0,0.0,0.0,0.0,0.0,0.0,0.217999118232397,0.0,0.0,0.0,0.0,0.0,0.0,0.0,0.0,0.0,0.0,0.0,0.2039466338952015,0.0,0.0,0.0,0.0,0.0,0.4493502538011747,0.2158681741326128,0.0,0.0,0.0,0.0,0.0,0.0,0.277924221529588,0.0,0.504098987749234,XD-2239,5,2.15,2.0
0.0,0.0,0.0,0.0,0.0,0.0,0.0,0.0,0.0,0.0,0.0,0.0,0.0,0.0,0.0,0.0,0.0,0.0,0.0,0.0,0.0,0.0,0.0,0.0,0.0,0.0,0.0,0.0,0.0,0.0,0.0,0.0,0.0,0.0,0.0,0.0,0.0,0.0,0.0,0.0,0.0,0.0,0.0,0.0,0.0,0.0,0.0,0.0,0.0,0.0,XD-2235,1,1.95,2.0
0.0,0.0,0.0,0.0,0.0,0.0,0.0,0.0,0.0,0.0,0.0,0.0,0.4150676386095811,0.3308171791005504,0.0,0.0,0.3209872598490136,0.0,0.0,0.0,0.0,0.0,0.0,0.0,0.0,0.0,0.0,0.0,0.0,0.0,0.0,0.0,0.6483847918093928,0.0,0.0,0.0,0.0,0.0,0.0,0.0,0.0,0.3308171791005504,0.0,0.0,0.0,0.0,0.2922382318723666,0.0,0.0,0.0,XD-2230,5,4.3,4.0
0.0,0.0,0.0,0.0,0.0,0.0,0.0,0.0,0.0,0.0,0.0,0.0,0.0,0.0,0.0,0.0,0.0,0.0,0.2456202366606727,0.0,0.0,0.0,0.0,0.0,0.0,0.0,0.0,0.2936823196745728,0.0,0.0,0.0,0.0,0.0,0.0,0.0,0.0,0.0,0.0,0.0,0.0,0.0,0.0,0.0,0.0,0.9026055016565694,0.0,0.0,0.0,0.0,0.1967859314905664,XD-2227,3,2.85,3.0
0.0,0.0,0.0,0.4391561944023779,0.0,0.0,0.0,0.0,0.0,0.0,0.0,0.0,0.0,0.0,0.0,0.0,0.0,0.0,0.0828509119311986,0.0,0.0,0.1722333926476815,0.1407039891076762,0.0,0.0,0.0,0.4263745227157884,0.0,0.0925647827053273,0.0,0.0,0.0,0.0,0.3222620436234869,0.0,0.0,0.0,0.3204778279831017,0.0,0.0,0.3410996181726307,0.0,0.0,0.0,0.0,0.1244920211479036,0.07840370698889,0.0,0.0,0.4646492435077113,XD-2190,1,2.45,2.0
0.0,0.0,0.0,0.0,0.0,0.0,0.0,0.0,0.0,0.0,0.0,0.0,0.0,0.0,0.0,0.0,0.0,0.0,1.0,0.0,0.0,0.0,0.0,0.0,0.0,0.0,0.0,0.0,0.0,0.0,0.0,0.0,0.0,0.0,0.0,0.0,0.0,0.0,0.0,0.0,0.0,0.0,0.0,0.0,0.0,0.0,0.0,0.0,0.0,0.0,XD-2188,3,3.55,4.0
0.0,0.0,0.0,0.0,0.0,0.0,0.0,0.0,0.0,0.0,0.0,0.0,0.0,0.0,0.0,0.0,0.0,0.0,0.3060972895284831,0.0,0.0,0.0,0.0,0.0,0.0,0.0,0.0,0.0,0.0,0.0,0.0,0.0,0.0,0.0,0.0,0.0,0.0,0.0,0.0,0.0,0.0,0.6558126749095758,0.0,0.0,0.3749488795206829,0.0,0.5793336884019842,0.0,0.0,0.0,XD-2187,3,3.1,3.0
0.0,0.0,0.0,0.0,0.0,0.0,0.0,0.0626991242978442,0.1239311000584304,0.0,0.1816778080628515,0.0,0.1409609964565024,0.1123487231313782,0.0,0.0,0.0,0.0,0.0,0.0,0.0,0.0545051935989629,0.0,0.0963349566453023,0.069487957672207,0.0,0.7556136651237993,0.0,0.1171726649342692,0.0,0.0,0.1497855584754815,0.1100988824940207,0.0509917235191036,0.0851536983160189,0.0,0.1720548666413417,0.0,0.0,0.0,0.0539724046516999,0.3932205309598239,0.0,0.0,0.1284666474599563,0.2363813988640263,0.049623469207826,0.0,0.0,0.0840248442076191,XD-2175,1,1.6,2.0
0.0,0.0,0.0,0.0,0.0,0.0,0.0,0.0,0.0,0.0,0.0,0.0,0.0,0.0,0.0,0.0,0.0,0.0,0.0,0.0,0.0,0.0,0.0,0.0,0.0,0.0,0.0,0.0,0.0,0.0,0.0,0.0,0.0,0.0,0.0,0.0,0.0,0.0,0.0,0.0,0.0,0.0,0.0,0.0,0.0,0.6217856133872194,0.7831874941447158,0.0,0.0,0.0,XD-2151,3,2.9,3.0
0.0,0.0,0.0,0.0,0.0,0.0,0.0,0.0,0.0,0.0,0.0,0.0,0.0,0.0,0.0,0.0,0.0,0.0,0.304344311921535,0.0,0.2420436331620775,0.0,0.0,0.0,0.0,0.0,0.3132485997126241,0.0,0.3400272180952406,0.0,0.0,0.0,0.1597497878487172,0.0,0.0,0.0,0.0,0.0,0.0,0.0,0.0,0.0,0.0,0.0,0.3728015982083835,0.6859629719123078,0.0,0.0,0.0,0.0,XD-2150,3,2.8,3.0
0.0,0.0,0.0,0.0,0.0,0.0,0.0,0.0,0.0,0.0,0.0,0.0,0.6205884361194035,0.0,0.0,0.0,0.0,0.0,0.0,0.0,0.0,0.0,0.784136463222361,0.0,0.0,0.0,0.0,0.0,0.0,0.0,0.0,0.0,0.0,0.0,0.0,0.0,0.0,0.0,0.0,0.0,0.0,0.0,0.0,0.0,0.0,0.0,0.0,0.0,0.0,0.0,XD-2137,5,4.2,4.0
0.0,0.0,0.0,0.0,0.0,0.0,0.0,0.4016804289405931,0.1984904015328546,0.0,0.1939857499045963,0.0,0.0,0.5398195405883631,0.0,0.0,0.0,0.0,0.0,0.0,0.0,0.174593104684512,0.0,0.0,0.0,0.0,0.0,0.0,0.0,0.2361283467533745,0.0,0.0,0.3526729188113935,0.0,0.0,0.0,0.0,0.0,0.0,0.3598796937255754,0.0,0.1799398468627877,0.0,0.0,0.0,0.0,0.1589557798465551,0.0,0.0,0.2691515698261786,XD-2136,5,3.3,3.0
0.0,0.0,0.0,0.0,0.2820916509646968,0.0,0.0,0.0,0.2296143538625636,0.0,0.0,0.0,0.0,0.2081550107836766,0.0,0.0,0.0,0.0,0.0,0.0,0.0,0.2019698817242683,0.0,0.0,0.0,0.0,0.0,0.0,0.0,0.0,0.0,0.0,0.0,0.1889506611763673,0.0,0.0,0.0,0.0,0.0,0.4163100215673532,0.0,0.4163100215673532,0.0,0.0,0.0,0.0,0.5516417176899915,0.0,0.0,0.3113554273630869,XD-2117,8,3.05,3.0
0.0,0.0,0.0,0.0,0.0,0.0,0.0,0.0,0.0,0.0,0.2899390059834261,0.0,0.0,0.0,0.0,0.0,0.0,0.0,0.5021157374924767,0.0,0.0,0.0,0.0,0.0,0.0,0.0,0.0,0.0,0.0,0.0,0.0,0.0,0.0,0.0,0.0,0.0,0.0,0.0,0.0,0.0,0.0,0.0,0.0,0.0,0.3075292392371654,0.7544805670035106,0.0,0.0,0.0,0.0,XD-2059,3,3.1,3.0
0.0,0.0,0.0,0.0,0.0,0.0,0.0,0.0,0.0,0.0,0.0,0.0,0.0,0.0,0.0,0.0,0.0,0.0,0.0,0.0,0.0,0.0,0.0,0.0,0.0,0.0,0.0,0.0,0.0,0.0,0.0,0.0,0.0,0.0,0.0,0.0,0.2886576006378454,0.0,0.0,0.5654646128917491,0.0,0.0,0.0,0.0,0.6465880612679272,0.0,0.0,0.0,0.0,0.4229071295059586,XD-2015,2,2.95,3.0
0.0,0.0,0.0,0.3725513127308956,0.0,0.0,0.0,0.1680769002769395,0.0,0.0,0.0,0.0,0.0,0.0,0.0,0.0,0.0,0.0,0.2811411192131664,0.0,0.0,0.0,0.0,0.0,0.0,0.0,0.0,0.0,0.0,0.0,0.0,0.0,0.0,0.0,0.0,0.0,0.0,0.0,0.0,0.0,0.0,0.0,0.0,0.0,0.8609480648991383,0.0,0.0,0.0,0.0,0.1126222695996644,XD-1962,3,2.7,3.0
0.0,0.0,0.0,0.0,0.0,0.0,0.1995120204292706,0.0,0.0,0.0,0.0,0.0,0.0,0.1316144876139417,0.0,0.0,0.127703687730166,0.0,0.0,0.0,0.0,0.0,0.0,0.0,0.0,0.3760001259584684,0.0,0.0,0.0,0.0,0.3990240408585413,0.0,0.0,0.0,0.0,0.0,0.0,0.0,0.0,0.5264579504557668,0.0,0.0,0.0,0.0,0.0,0.0,0.0,0.0,0.0,0.5906014688370799,XD-1941,3,2.6,3.0
0.0,0.0,0.0,0.0,0.0,0.0,0.0,0.0,0.4621749236284,0.0,0.0,0.0,0.0,0.0,0.0,0.0,0.0,0.0,0.0,0.0,0.0,0.0225850705011583,0.0,0.0,0.0,0.0,0.8722077450570963,0.0259803524971728,0.1213807677585896,0.0,0.0,0.0620659642659905,0.0,0.0,0.0,0.0,0.0475290644992289,0.0,0.0,0.0465534321611065,0.0,0.0,0.0338845216588397,0.0,0.0,0.0,0.0,0.0,0.0,0.0174084972914767,XD-1935,4,3.0,3.0
0.0,0.0,0.0,0.0,0.0,0.0,0.0,0.0,0.0,0.5509562629662791,0.0,0.0,0.0,0.0,0.0,0.0,0.1836146038511648,0.0,0.0,0.0,0.2809801382252329,0.0,0.0,0.0,0.0,0.5406195811802224,0.1818197688083288,0.0,0.1973629578530701,0.0,0.0,0.0,0.0,0.0,0.0,0.0,0.0,0.2277700374033366,0.0,0.189237620571856,0.0,0.0,0.0,0.0,0.0,0.0,0.3343385478953261,0.0,0.0,0.1415295264920531,XD-1857,3,3.55,4.0
0.0,0.0,0.0,0.0,0.0,0.0,0.0,0.0,0.0,0.0,0.0,0.0,0.0,0.0,0.0,0.0,0.0,0.0,0.212707156142006,0.0,0.0,0.0,0.0,0.0,0.0,0.0,0.0,0.0,0.0,0.0,0.0,0.303790528690462,0.0,0.0,0.0,0.0,0.0,0.0,0.0,0.0,0.0,0.0,0.0,0.2990151599789489,0.781656479065831,0.0,0.4025792633024227,0.0,0.0,0.0,XD-1838,3,3.0,3.0
0.0,0.0,0.0,0.0,0.0,0.0,0.0,0.0,0.0,0.0,0.0,0.0,0.0,0.3422506061859529,0.0,0.0,0.0,0.0,0.0,0.0,0.0,0.0830202383685023,0.0,0.0,0.0,0.0,0.0,0.0,0.0,0.7859647245470612,0.0,0.0,0.4192460784568812,0.0,0.0,0.0,0.0,0.0,0.0,0.0,0.0,0.0855626515464882,0.0,0.0,0.1956755125575933,0.0,0.0,0.0,0.0,0.191975171567656,XD-1794,5,4.7,5.0
0.0,0.0,0.0,0.0,0.254312213412139,0.0,0.0,0.0,0.0295718148756121,0.0,0.0,0.3317747615030725,0.0,0.1072323457271376,0.1345416119094619,0.0,0.0260115095259866,0.0,0.0,0.3048529160631967,0.0,0.0,0.0,0.0,0.0331617329209222,0.0,0.6954456607902019,0.0,0.055918302254796,0.0,0.0,0.0,0.0788137223729132,0.2676825410446329,0.0,0.0,0.1642194626648853,0.161333640499904,0.0,0.0,0.1030289867837336,0.1072323457271376,0.0,0.0,0.0,0.0,0.0,0.2321321304464557,0.0,0.0801983404226496,XD-1770,1,1.45,1.0
0.0,0.0,0.0,0.2858270254720871,0.0,0.0,0.0,0.0,0.2039078935678823,0.0,0.0,0.0,0.0,0.046212757467576,0.0,0.0,0.0,0.0,0.0,0.0,0.0,0.2690375348084743,0.0,0.0,0.0,0.0,0.0,0.0,0.0,0.0,0.0,0.0,0.0,0.0,0.0,0.0,0.0943625003957789,0.7230933206949506,0.0,0.0,0.0,0.0,0.0,0.0,0.0,0.0,0.0408235587069258,0.0,0.0,0.5184330945279423,XD-1759,5,4.4,4.0
0.0,0.0,0.0259288769598936,0.0,0.4214644668668154,0.0,0.0,0.0,0.01715298749621,0.0,0.0167637080526823,0.3848886758934478,0.0,0.0,0.1755904682261788,0.0,0.0150878496816492,0.0,0.014515676501392,0.3283956972076103,0.0,0.0,0.0493033459918578,0.0,0.0,0.0,0.5527935332244593,0.0,0.0648702789071516,0.0204055538609556,0.0235718124309726,0.0,0.0,0.4093427956357862,0.0,0.0,0.0635031341289813,0.0748646352576792,0.0,0.0,0.134463291865409,0.0,0.0,0.0,0.0,0.0,0.0,0.076941208043926,0.0,0.1395559727672643,XD-1739,2,2.3,2.0
0.0,0.0,0.0,0.7982197293194109,0.0,0.0,0.0,0.0,0.0,0.0,0.0,0.0,0.0,0.0,0.0,0.0,0.0,0.0,0.6023663866163569,0.0,0.0,0.0,0.0,0.0,0.0,0.0,0.0,0.0,0.0,0.0,0.0,0.0,0.0,0.0,0.0,0.0,0.0,0.0,0.0,0.0,0.0,0.0,0.0,0.0,0.0,0.0,0.0,0.0,0.0,0.0,XD-1735,5,4.0,4.0
0.0,0.0,0.0,0.0,0.4230317411405491,0.0,0.0,0.0,0.0191297480748156,0.0,0.0,0.4292443755536957,0.0,0.052025749041617,0.0652753428957666,0.0,0.0,0.0,0.0161885056272853,0.3662409803436904,0.0,0.0,0.0,0.0,0.0214520346204632,0.0,0.583174806359798,0.0,0.0180865300186196,0.0227571497252832,0.0,0.0,0.0,0.3305810294846926,0.0,0.0,0.10623213228457,0.0626191915187717,0.0,0.0,0.0499864119736969,0.0346838326944113,0.0,0.0,0.0,0.0,0.0153195519784221,0.1501642423432427,0.0,0.0518796041012965,XD-1730,2,2.1,2.0
0.0,0.0,0.0,0.0,0.0,0.0,0.0,0.0,0.0,0.0,0.0,0.0,0.0,0.8735310957243343,0.1369995695734926,0.0,0.0,0.0,0.0,0.0,0.0,0.0,0.0,0.0,0.0,0.0,0.0,0.3656225448472987,0.0,0.0,0.0,0.0,0.0,0.0991174062263873,0.0,0.0,0.0,0.0,0.0,0.0,0.1049112363278583,0.2183827739310835,0.0,0.0,0.0,0.0,0.0964578017056437,0.0,0.0,0.0816634940110952,XD-1719,1,1.1,1.0
0.0,0.0,0.0,0.0,0.0,0.0,0.0,0.0,0.0,0.0,0.0,0.0,0.1466958497522128,0.7015170929251773,0.0,0.0,0.0,0.0,0.0,0.0,0.0,0.0,0.0,0.0,0.0,0.0,0.0,0.3914998424587654,0.0,0.0,0.0,0.0,0.4583125695827009,0.0,0.0,0.0,0.0,0.0,0.0,0.0,0.0,0.3507585464625886,0.0,0.0,0.0,0.0,0.0,0.0,0.0,0.0,XD-1708,4,3.25,3.0
0.0,0.0,0.0,0.3260478578585088,0.0,0.0,0.0,0.0,0.0,0.0,0.0,0.0,0.0,0.0,0.0,0.0,0.0,0.0,0.0,0.0,0.7827229859853694,0.0,0.2785720119657203,0.0,0.0,0.0,0.0,0.0,0.0,0.0,0.0,0.0,0.3444002480653227,0.1595071796501785,0.0,0.0,0.0,0.0,0.0,0.1757189866044747,0.1688310465070971,0.0,0.0,0.0,0.0,0.0,0.0,0.0,0.0,0.0,XD-1701,3,3.4,3.0
0.0,0.0,0.0,0.0,0.3292369617912474,0.0,0.0480356874791123,0.1061068021546642,0.0,0.2460237416307368,0.0,0.0,0.0,0.0,0.0265056343468096,0.2204815880573705,0.0102488969846491,0.0,0.0,0.0,0.0,0.0512444849232455,0.0167454251179226,0.0,0.1437280303241823,0.0,0.5886254055499109,0.0,0.0330488846942921,0.0,0.0,0.1267423333002615,0.0103512347200219,0.4314708362803165,0.064047583305483,0.0,0.0323523775897238,0.0127135402118052,0.2124127658502996,0.0,0.2232717055534145,0.0,0.0461294515557631,0.0277222299861595,0.0,0.0,0.0,0.039198553724777,0.2994211041628842,0.0157996314767967,XD-1674,3,2.25,2.0
0.0,0.0,0.0180659475073219,0.013402198520028,0.3670692596132667,0.0,0.0,0.0,0.0239026913645049,0.0,0.0,0.3831017454625728,0.0,0.0216687889717708,0.0951554143310677,0.0,0.0105124607119952,0.0,0.0,0.3344142258978914,0.0,0.0,0.0,0.0,0.0268043970400561,0.0,0.6454014791997617,0.0,0.0451983730469575,0.0,0.0,0.0,0.0212348603909003,0.3147140767982593,0.0,0.0,0.1437988980730713,0.091283398136414,0.0,0.0,0.0728679089419085,0.0325031834576562,0.0,0.0,0.0,0.0,0.0,0.1876307792803928,0.0,0.0810296978360721,XD-1670,2,1.8,2.0
0.0,0.0,0.0,0.0,0.0,0.0,0.0,0.0,0.0,0.0,0.0,0.0,0.0,0.0,0.0,0.0,0.0,0.0,0.4391437324511015,0.0,0.0,0.0,0.0,0.0,0.0,0.0,0.0,0.0,0.0,0.0,0.0,0.0,0.0,0.0,0.0,0.0,0.0,0.0,0.0,0.47043217254907,0.0,0.0,0.0,0.0,0.5379219485566514,0.0,0.4155717266418937,0.0,0.0,0.3518330151599871,XD-1649,5,3.25,3.0
0.0,0.0,0.0,0.0,0.0,0.0,0.0,0.0341388458981201,0.0337394243879793,0.1113128144978526,0.0,0.0,0.0,0.0,0.0,0.0,0.0,0.0,0.0142759554237212,0.2235962510444013,0.0,0.0,0.0,0.1311327820103677,0.2648469326675581,0.0,0.5730516128080126,0.1194859606434206,0.0478492275186443,0.0,0.0,0.1223343903720393,0.0,0.4303469700301747,0.2086427932861085,0.0,0.0468408023562486,0.0,0.0,0.0,0.4555025640268818,0.0,0.1781005031965641,0.1204113817033921,0.0,0.0,0.0,0.0567529141430481,0.0,0.0,XD-1644,4,2.65,3.0
0.0,0.0,0.0,0.0147756435525101,0.1133121307438346,0.2253271115733928,0.0543202334178857,0.0,0.0131761086444065,0.0173882010608446,0.0257541654051877,0.147826581541389,0.0,0.0716681598730965,0.2098137081235135,0.0,0.034769304179778,0.2190906219217747,0.0334507555616756,0.1358312014162325,0.0,0.0,0.0,0.0,0.0147756435525101,0.0,0.6082533304269105,0.1999813944848494,0.0249151304652451,0.0,0.0,0.0,0.0117054947199291,0.412021753570914,0.0,0.0,0.0975601707549372,0.1006380371929233,0.0,0.0,0.3557708159100797,0.0,0.0,0.1724203286154736,0.0,0.0,0.0,0.1329807919725916,0.0,0.1340003206120507,XD-1641,2,1.9,2.0
0.0,0.0,0.0401962178157361,0.0,0.228681216633163,0.0826808338681756,0.0,0.0538124068383327,0.0265914031932327,0.0,0.0519758461831809,0.298336659064596,0.1209817613021255,0.0964248745834685,0.1209817613021255,0.0,0.0233899251831363,0.0803924356314722,0.0,0.2741281466750495,0.0,0.0,0.0,0.0,0.0298195093671365,0.0,0.6716773628092568,0.0,0.1005650906035275,0.0632673824565884,0.0,0.0,0.0236234792892384,0.2844683735829922,0.0,0.0,0.1722799324055874,0.1160588324040416,0.0,0.0964248745834685,0.1389677302363979,0.1446373118752027,0.0,0.0,0.0,0.0,0.0,0.2087365655699559,0.0,0.1983176426637003,XD-1586,3,1.85,2.0
0.0,0.0,0.0,0.0,0.0,0.0,0.0,0.0,0.0,0.0,0.3025491259959474,0.0,0.3521147689871844,0.0,0.0,0.0,0.0,0.0,0.0,0.0,0.0,0.0,0.0,0.0,0.0,0.0,0.0,0.0,0.0,0.0,0.0,0.0,0.2750224782008553,0.0,0.0,0.0,0.0,0.0,0.0,0.0,0.0,0.8419274626144762,0.0,0.0,0.0,0.0,0.0,0.0,0.0,0.0,XD-1585,8,5.65,6.0
0.8342783168868627,0.0435558109578205,0.3774116195440569,0.0147359102761081,0.209870927272234,0.0,0.0,0.0,0.0,0.0,0.0,0.1474290601472736,0.0,0.0119125727619526,0.0149463926254133,0.0,0.023117203882867,0.0,0.0,0.1161136601782081,0.0,0.0,0.1133119223862184,0.0,0.0,0.0,0.1487930140227406,0.0,0.0,0.0,0.1083483210702156,0.0,0.0700441044008656,0.151389288573527,0.0,0.0,0.0243244552708892,0.0573528061779797,0.0,0.0,0.0114456164632877,0.0,0.0,0.0,0.0,0.0167093464886527,0.0105233628146797,0.0,0.0,0.0178186639338038,XD-1580,4,3.9,4.0
0.0,0.0,0.0,0.0,0.1800137908712628,0.0,0.0,0.0,0.0,0.0,0.0,0.0,0.0,0.0,0.0,0.0,0.0,0.0,0.2479945200127359,0.0,0.0,0.0,0.0,0.0,0.0,0.0,0.1276250829856516,0.0,0.1385353421103783,0.0,0.0,0.0,0.5206875293255745,0.2411537150402667,0.0,0.0,0.1356157019801218,0.0,0.0,0.0,0.1276250829856516,0.0,0.0,0.0,0.1518884200988529,0.0,0.0,0.0,0.0,0.6954085563576288,XD-1547,3,2.7,3.0
0.0,0.0,0.0,0.0,0.0,0.0,0.0,0.0,0.0,0.0,0.0,0.0,0.0,0.0962679022375123,0.0,0.0,0.0,0.0,0.0,0.0,0.0,0.0,0.0,0.0,0.0,0.0,0.0,0.9670464781521028,0.0,0.0,0.0,0.0,0.094340088262503,0.0,0.0,0.0,0.0,0.0,0.0,0.0,0.0,0.0,0.0,0.0,0.0,0.0,0.0,0.0,0.0,0.2159943236268638,XD-1508,3,4.366666666666667,4.0
0.0,0.0,0.0,0.1799800453210816,0.0,0.0,0.0,0.0,0.0,0.0,0.0,0.0,0.0,0.4364899104461379,0.0,0.0,0.1411733420120262,0.0,0.0,0.0,0.0,0.0,0.0,0.0,0.0,0.0,0.0,0.8119817886971527,0.0,0.0,0.0,0.0,0.2851659845084193,0.0,0.0,0.0,0.0,0.0,0.0,0.0,0.0,0.0,0.0,0.0,0.0,0.0,0.1285292378162098,0.0,0.0,0.0,XD-1507,3,3.05,3.0
0.0751421790335564,0.0,0.0,0.0,0.0,0.0,0.0,0.0,0.0,0.0,0.0,0.0,0.0,0.0,0.0565403516895089,0.0,0.0,0.0,0.1261997846047777,0.0,0.0,0.0,0.0,0.0,0.1672323691121749,0.0,0.7360549356660313,0.0,0.0939974014134456,0.0,0.0,0.1802398188244909,0.0,0.4908745063102311,0.273245517354767,0.0,0.0460082004447468,0.0,0.0,0.0,0.0432973491568253,0.045063786986463,0.1968015841523108,0.0,0.0515287888873534,0.0,0.0,0.0,0.0,0.0337028991109677,XD-1502,1,3.45,3.0
0.0,0.0,0.0,0.34473120976484,0.0,0.0,0.0,0.0,0.0,0.0,0.1001452668267011,0.0,0.0,0.7431524835485925,0.0,0.0,0.0,0.0,0.0,0.0,0.0,0.0,0.0,0.0,0.0,0.0,0.0,0.0,0.0,0.0,0.0,0.0,0.2731014281277497,0.0,0.0,0.0,0.0,0.0,0.0,0.0,0.0,0.4644703022178703,0.0,0.0,0.0,0.1302992286978566,0.0820610224937066,0.0,0.0,0.0694748345956454,XD-1500,5,4.7,5.0
0.0,0.0,0.0,0.0,0.2921374792064838,0.0,0.0568304950766573,0.0,0.0,0.2183009930413634,0.0,0.0,0.0,0.0,0.0,0.1956370117015061,0.009094018221565,0.0,0.0,0.0,0.0,0.0818461639940855,0.0,0.0,0.1275322923701452,0.0,0.6213535615214667,0.0,0.048874716317027,0.0,0.0,0.1124605984627049,0.0,0.4424059594150138,0.0568304950766573,0.0,0.0287068073523011,0.0,0.2570146505471343,0.0,0.2071178538404889,0.0,0.0409314361952556,0.0245983997121016,0.0,0.0,0.0,0.0463753790436891,0.2969380001625314,0.0,XD-1496,5,2.5,2.0
0.0,0.0,0.0,0.0,0.0,0.1811287098703721,0.0,0.0,0.0,0.0,0.1138633649799715,0.0,0.0,0.0,0.0,0.0,0.0,0.1761155211917892,0.0,0.0,0.4704689114918406,0.1024805090655163,0.0,0.0,0.0,0.3017350947479331,0.1014787608111805,0.0,0.1101538546893221,0.0,0.1601057399492121,0.0,0.0,0.287623478020188,0.0,0.0,0.0,0.0,0.0,0.5280943695053428,0.3044362824335417,0.1056188739010685,0.0,0.0,0.0,0.1481478766191385,0.0933019048319047,0.0,0.0,0.2369749075263722,XD-1356,3,2.1,2.0
0.0,0.0,0.0,0.0,0.0,0.0,0.0,0.0,0.0,0.0,0.0,0.0,0.0,0.0,0.0,0.0,0.0,0.0,0.0,0.0,0.0,0.0,0.0,0.0,0.0,0.0,0.0,1.0,0.0,0.0,0.0,0.0,0.0,0.0,0.0,0.0,0.0,0.0,0.0,0.0,0.0,0.0,0.0,0.0,0.0,0.0,0.0,0.0,0.0,0.0,XD-1197,5,4.5166666666666675,5.0
0.0,0.0,0.0,0.0,0.0,0.0,0.0,0.0,0.0,0.0,0.0,0.0,0.0,1.0,0.0,0.0,0.0,0.0,0.0,0.0,0.0,0.0,0.0,0.0,0.0,0.0,0.0,0.0,0.0,0.0,0.0,0.0,0.0,0.0,0.0,0.0,0.0,0.0,0.0,0.0,0.0,0.0,0.0,0.0,0.0,0.0,0.0,0.0,0.0,0.0,XD-1161,3,2.5,2.0
0.0,0.0,0.0,0.0,0.3918446643604109,0.0,0.0,0.0,0.0,0.1485568060745791,0.0,0.0,0.0,0.0,0.0,0.0,0.0165029428106937,0.0,0.0,0.0,0.555587514314883,0.0,0.0,0.0,0.0841575428524418,0.0242949467074805,0.5392736691830757,0.0,0.0532158587293858,0.0,0.0,0.0680275311994046,0.0,0.4014177269857941,0.1031304740438582,0.0,0.0868238858537456,0.0,0.0,0.0,0.1470746370499297,0.0,0.0742784030372895,0.0,0.0,0.0,0.0,0.0210393857131104,0.0,0.050881653914983,XD-1155,3,3.05,3.0
0.0,0.0,0.0,0.0,0.0,0.0,0.0,0.0,0.0,0.0,0.0,0.0,0.0,0.0,0.0,0.0,0.0,0.0,0.0,0.0,0.0,0.0,0.0,0.0,0.0,0.0,0.0,0.0,0.0,0.0,0.0,0.0,0.0,0.0,0.0,0.0,0.0,0.0,0.0,0.0,0.0,1.0,0.0,0.0,0.0,0.0,0.0,0.0,0.0,0.0,XD-1136,3,3.4,3.0
0.0,0.0,0.0,0.0,0.0,0.0,0.0,0.0,0.0,0.0,0.0,0.0,0.0,0.0,0.0,0.0,0.0,0.0,0.0,0.0,0.0,0.0,0.0,0.0,0.0,0.0,0.0,1.0,0.0,0.0,0.0,0.0,0.0,0.0,0.0,0.0,0.0,0.0,0.0,0.0,0.0,0.0,0.0,0.0,0.0,0.0,0.0,0.0,0.0,0.0,XD-1071,6,4.5166666666666675,5.0
0.0,0.0,0.0,0.0,0.0,0.0,0.0,0.0,0.0,0.0,0.2707017930040077,0.0,0.0,0.0,0.0,0.0,0.0,0.0,0.468800774058365,0.0,0.0,0.0,0.0,0.0,0.0,0.0,0.0,0.8408010308668118,0.0,0.0,0.0,0.0,0.0,0.0,0.0,0.0,0.0,0.0,0.0,0.0,0.0,0.0,0.0,0.0,0.0,0.0,0.0,0.0,0.0,0.0,XD-1070,4,2.98,3.0
0.0,0.0,0.0,0.0,0.0,0.0,0.0,0.1948744470103356,0.0,0.0,0.5646707633764411,0.0,0.3285894724461637,0.0,0.0,0.0,0.0,0.0,0.0,0.0,0.0,0.2541104739676817,0.0,0.0,0.0,0.0,0.0,0.0,0.0,0.3436715683539126,0.0,0.0,0.0,0.0,0.0,0.0,0.0,0.0,0.0,0.0,0.0,0.5237847148041607,0.0,0.0,0.0998214375535205,0.0,0.0,0.0,0.0,0.2611566785575085,XD-1066,5,3.85,4.0
0.0,0.0,0.0,0.297664113268772,0.0,0.0,0.0,0.0,0.0,0.0,0.0,0.0,0.0,0.0,0.0,0.0,0.0,0.0,0.0,0.0,0.0,0.0,0.0,0.0,0.0,0.0,0.0,0.8057487885117847,0.0,0.0,0.0,0.0,0.0,0.2184321812559367,0.0,0.0,0.0,0.0,0.0,0.0,0.2312004627825946,0.0,0.0,0.0,0.0,0.0,0.0,0.0,0.4012464251362178,0.0,XD-1059,2,2.1,2.0
0.0,0.0,0.0,0.8815500715027446,0.0,0.0,0.0,0.0,0.0,0.0,0.0,0.0,0.0,0.0,0.0,0.0,0.2304910516106822,0.0,0.0,0.0,0.0,0.0,0.0,0.0,0.0,0.0,0.0,0.0,0.0,0.0,0.0,0.0,0.0,0.0,0.0,0.0,0.0,0.2859192806311546,0.0,0.2375496134570326,0.0,0.0,0.0,0.0,0.0,0.0,0.0,0.0,0.0,0.1776617366533522,XD-1017,5,4.2,4.0
0.0,0.0,0.0,0.0,0.0,0.0,0.0,0.398114878649779,0.0,0.0,0.769055275973892,0.0,0.0,0.0,0.0,0.0,0.0,0.0,0.0,0.0,0.0,0.0,0.0,0.0,0.0,0.0,0.3427036273469465,0.0,0.0,0.0,0.0,0.0,0.0,0.0,0.0,0.0,0.3641603351514792,0.0,0.0,0.0,0.0,0.0,0.0,0.0,0.0,0.0,0.0,0.0,0.0,0.0,XD-959,3,2.3,2.0
0.0,0.0,0.0,0.0,0.0,0.0,0.0,0.0,0.0,0.0,0.0,0.0,0.0,0.4840455954401968,0.0,0.0,0.0,0.0,0.0,0.0,0.0,0.0,0.0,0.0,0.0,0.0,0.0,0.0,0.0,0.0,0.0,0.0,0.7115285022660951,0.0,0.0,0.0,0.0,0.0,0.0,0.0,0.0,0.0,0.0,0.0,0.2767441993588305,0.0,0.4275975913392784,0.0,0.0,0.0,XD-891,3,3.15,3.0
0.0,0.0,0.0,0.0,0.0,0.0,0.0,0.0,0.0,0.0,0.3502834278322309,0.0,0.1358897422748211,0.3249204974783073,0.0,0.0,0.0,0.0,0.0,0.0,0.0,0.0,0.0,0.0,0.0,0.0,0.0,0.8462081907918584,0.0,0.1421270149135662,0.0,0.0,0.0,0.0,0.0,0.0,0.0,0.130360185323445,0.0,0.0,0.0,0.0,0.0,0.0,0.0,0.0,0.0,0.0,0.0,0.0,XD-662,2,2.08,2.0
0.0,0.0,0.0,0.0,0.0,0.0,0.0,0.4357270218628337,0.0,0.0,0.4208561184456371,0.0,0.0,0.260255493136718,0.0,0.0,0.0,0.0,0.3644188535012633,0.0,0.0,0.2525222475741434,0.0,0.0,0.0,0.0,0.250053839454443,0.0,0.2714301404115793,0.0,0.0,0.0,0.2550437437884873,0.0,0.0,0.0,0.0,0.0,0.0,0.0,0.0,0.130127746568359,0.0,0.0,0.1487963091810782,0.0,0.3448578699395245,0.0,0.0,0.0973216546458562,XD-641,4,3.3,3.0
0.0,0.0,0.0,0.0,0.0,0.0,0.0,0.0,0.0,0.0,0.0,0.0,0.0,0.0,0.0,0.0,0.5315761634230329,0.0,0.0,0.0,0.0,0.0,0.0,0.0,0.0,0.0,0.0,0.0,0.0,0.0,0.4152418628687614,0.0,0.0,0.0,0.0,0.0,0.0,0.3297045008569406,0.0,0.0,0.0,0.0,0.0,0.0,0.0,0.0,0.2419829344275464,0.0,0.0,0.6146057104861937,XD-640,3,3.2,3.0
0.0,0.0,0.0,0.0,0.0,0.0,0.0,0.3416428957269189,0.0,0.0,0.0,0.0,0.0,0.0,0.0,0.0,0.0,0.0,0.2857319058051172,0.0,0.0,0.0,0.0,0.0,0.0,0.0,0.2940916451553341,0.0,0.0,0.0,0.0,0.0,0.0,0.416775200840532,0.0,0.0,0.4687571279626139,0.0,0.0,0.0,0.0,0.0,0.0,0.0,0.5250039526157037,0.2146707961987235,0.0,0.0,0.0,0.0,XD-630,2,2.6,3.0
0.0,0.0,0.0,0.0,0.0,0.0,0.0,0.625697740860315,0.0,0.0,0.3021716686434606,0.0,0.0,0.0,0.0,0.0,0.0,0.0,0.2616501179888101,0.0,0.0,0.2719637385844462,0.0,0.0,0.0,0.0,0.0,0.0,0.0,0.3678172060967363,0.0,0.0,0.2746793628269326,0.0,0.0,0.0,0.0,0.0,0.0,0.0,0.0,0.0,0.0,0.0,0.3205040420889774,0.0,0.2476054723626792,0.0,0.0,0.0,XD-629,2,3.45,3.0
0.0,0.0,0.0,0.0,0.0,0.0,0.0,0.0,0.0,0.0,0.583972364528789,0.0,0.0,0.0,0.0,0.0,0.0,0.0,0.0,0.0,0.0,0.0,0.0,0.0,0.0,0.0,0.0,0.6046069620803067,0.0,0.0,0.0,0.0,0.0,0.0,0.0,0.0,0.0,0.0,0.0,0.0,0.0,0.5416887472254504,0.0,0.0,0.0,0.0,0.0,0.0,0.0,0.0,XD-628,3,3.25,3.0
0.0,0.0,0.0,0.0,0.0,0.0,0.0,0.0,0.0,0.0,0.0933994357692529,0.0,0.1087007626981688,0.0866366739704107,0.2174015253963377,0.0,0.2521870416990227,0.0,0.161748938931454,0.0,0.0,0.1681246944660151,0.0,0.0,0.2143399716853676,0.0,0.3329625469612435,0.0,0.1807132237414673,0.1136900744860802,0.0,0.0,0.0,0.3145743504746651,0.0,0.0,0.0,0.1042775660099159,0.0,0.1732733479408215,0.3329625469612435,0.4331833698520539,0.0,0.0,0.0,0.1215222129529928,0.0,0.0,0.0,0.3887698674341356,XD-603,2,2.4,2.0
0.0,0.0,0.0,0.0,0.0,0.0,0.0,0.0,0.0,0.0,0.0,0.0,0.0,0.5550593744496437,0.0,0.0,0.0,0.0,0.0,0.0,0.0,0.0,0.0,0.0,0.0,0.0,0.0,0.6195306139902536,0.0,0.0,0.0,0.0,0.0,0.0,0.0,0.0,0.0,0.0,0.0,0.0,0.0,0.5550593744496437,0.0,0.0,0.0,0.0,0.0,0.0,0.0,0.0,XD-600,5,2.7,3.0
0.0,0.0,0.0,0.0,0.0,0.0,0.0,0.46503582980404,0.0,0.0,0.0,0.0,0.0,0.0,0.0,0.0,0.1010654782573856,0.0,0.0,0.0,0.0,0.3031964347721569,0.0,0.0,0.0,0.0,0.0,0.0,0.0,0.6834297476374673,0.0,0.0,0.2041492834010155,0.0,0.0,0.0,0.106343427940469,0.0,0.0,0.0,0.0,0.0,0.0,0.0,0.357311174633929,0.0,0.1840272207885527,0.0,0.0,0.0,XD-592,8,4.55,5.0
0.0,0.0,0.0,0.0,0.0,0.0,0.0,0.4524606048704345,0.0,0.0,0.0,0.0,0.0,0.2026877240859333,0.5086139434489768,0.0,0.0,0.0,0.0,0.0,0.0,0.0,0.0,0.0,0.0,0.0,0.0,0.0,0.0,0.0,0.0,0.0,0.0,0.1839877855170688,0.0,0.0,0.0,0.0,0.0,0.6080631722578002,0.0,0.0,0.0,0.0,0.0,0.0,0.0,0.0,0.0,0.3031775344558562,XD-585,1,1.85,2.0
0.0,0.0,0.0,0.0,0.0,0.0,0.0,0.0,0.130479465699744,0.0,0.2550365841919699,0.0,0.5936368028195128,0.0,0.0,0.0,0.114770360874724,0.0,0.2208358998210011,0.0,0.0,0.229540721749448,0.0,0.0,0.1463192303685072,0.0,0.0,0.0,0.0,0.0,0.0,0.0,0.0,0.1073721259110073,0.0,0.0,0.0,0.0,0.0,0.2365701806781229,0.1136484791656642,0.4731403613562459,0.0,0.0,0.0,0.0,0.0,0.0,0.0,0.3538584511085708,XD-584,0,2.4,2.0
0.0,0.0,0.0,0.0,0.0,0.0,0.0,0.0,0.0,0.0,0.0,0.0,0.0,0.0,0.0,0.0,0.0,0.0,1.0,0.0,0.0,0.0,0.0,0.0,0.0,0.0,0.0,0.0,0.0,0.0,0.0,0.0,0.0,0.0,0.0,0.0,0.0,0.0,0.0,0.0,0.0,0.0,0.0,0.0,0.0,0.0,0.0,0.0,0.0,0.0,XD-521,1,3.55,4.0
0.0,0.0515263694652137,0.0,0.0,0.0,0.0,0.0,0.0,0.0,0.0,0.121540627403852,0.0,0.070726117287541,0.112740249700878,0.0,0.0,0.5196038296490678,0.0,0.1841733190142516,0.0,0.0,0.3828659797414183,0.0,0.0,0.2091903534143679,0.0,0.0,0.0,0.0,0.0739724114435053,0.0,0.0,0.0,0.1535082771390112,0.0,0.0,0.028775744080202,0.4070889944657684,0.0,0.169110374551317,0.1624814828631555,0.3664058115278536,0.0,0.0,0.0,0.0790683898899606,0.0,0.0,0.2819852234075237,0.0,XD-446,1,2.55,3.0
0.0,0.0,0.0,0.0,0.0,0.0,0.0,0.0,0.4077015669368406,0.0,0.3984489606991456,0.0,0.0,0.0,0.0,0.0,0.0,0.0,0.0,0.0,0.0,0.3586162444457608,0.0,0.0,0.0,0.0,0.0,0.0,0.0,0.0,0.0,0.0,0.0,0.0,0.0,0.0,0.0,0.0,0.0,0.0,0.0,0.7391970287106369,0.0,0.0,0.0,0.0,0.0,0.0,0.0,0.0,XD-299,5,4.55,5.0
