12,14,15,admin,apache,batch,beans,boot,code,com,contain,core,creat,curator,definit,deploy,dirt,error,factory,fail,framework,hadoop,http,info,integration,invok,jar,java,job,lang,log,main,method,modul,org,reflect,run,server,servlet,spring,springframework,stream,sun,support,test,time,use,util,web,xd,issue_key,story_point
0.0,0.0,0.0,0.0,0.0,0.0,0.0,0.0,0.0,0.0,0.6033895329796428,0.0,0.0,0.0,0.061177767651193225,0.0,0.0,0.4755094299509269,0.0,0.0,0.0,0.0,0.0,0.0,0.0,0.0,0.0,0.0,0.05457107243335109,0.0,0.0,0.367015329069531,0.0,0.0,0.0,0.0,0.0,0.2937535524279914,0.0,0.0,0.0,0.0,0.0,0.0,0.0,0.0,0.21672430612439442,0.0,0.0,0.3676007428119025,10,
0.0,0.0,0.0,0.0,0.0,0.0,0.0,0.0,0.031085756172457166,0.0,0.0,0.0,0.46542917472155076,0.0,0.5683020129991564,0.4318228363841753,0.0,0.0,0.0,0.0,0.0,0.0,0.013517102545216283,0.0,0.0,0.0,0.0,0.0,0.5222915919466993,0.0,0.0,0.0,0.0,0.0,0.0,0.0,0.0,0.0,0.0,0.0,0.0,0.0,0.0,0.0,0.0,0.0,0.0,0.0,0.0,0.0,XD-3707,1
0.0,0.0,0.0,0.0,0.0,0.0,0.0,0.0,0.0,0.23623514484514252,0.0,0.0,0.0,0.0,0.0,0.0,0.0,0.20584539399859159,0.0,0.0,0.0,0.0,0.2078710450528894,0.0,0.0,0.0,0.0,0.41169078799718317,0.0,0.0,0.0,0.3177577993506334,0.0,0.0,0.19451291439332585,0.0,0.0,0.0,0.0,0.42843436485722863,0.20584539399859159,0.42843436485722863,0.0,0.0,0.0,0.0,0.37527499875534603,0.0,0.0,0.0,XD-3706,1
0.0,0.0,0.0,0.0,0.0,0.0,0.0,0.0,0.0,0.0,0.0,0.0,0.23735901661266237,0.0,0.0,0.0,0.0,0.0,0.0,0.0,0.0,0.0,0.0,0.0,0.0,0.0,0.0,0.0,0.9714219975029749,0.0,0.0,0.0,0.0,0.0,0.0,0.0,0.0,0.0,0.0,0.0,0.0,0.0,0.0,0.0,0.0,0.0,0.0,0.0,0.0,0.0,XD-3698,1
0.0,0.0,0.0,0.0,0.0,0.0,0.0,0.0,0.0,0.0,0.0,0.0,0.0,0.0,0.9335656726620192,0.0,0.0,0.0,0.0,0.0,0.0,0.0,0.0,0.0,0.0,0.0,0.0,0.0,0.33309930649707536,0.0,0.0,0.0,0.0,0.0,0.0,0.0,0.0,0.0,0.0,0.0,0.0,0.0,0.0,0.0,0.0,0.0,0.13228751580659118,0.0,0.0,0.0,XD-3691,2
0.3529100288543847,0.0,0.0,0.11643118550137986,0.1594113489222979,0.0,0.0,0.10696220495038175,0.15762560429896288,0.0,0.0,0.03424198844047872,0.0,0.0,0.0,0.0,0.0,0.04524856722619555,0.0,0.0,0.0,0.034924476244689424,0.0,0.0,0.0,0.0,0.806421352647181,0.20361855251788,0.0,0.024552314140654195,0.15437187527252808,0.0,0.0,0.023074346881991434,0.1924086680077685,0.0,0.04807272697882594,0.02795302580296561,0.0,0.1648109358749016,0.06787285083929333,0.0,0.0,0.061748750109011236,0.05382406559334667,0.0,0.020623070159160217,0.0,0.0,0.0,XD-3686,1
0.0,0.5830790843546573,0.0,0.0,0.0,0.0,0.0,0.05003256204195372,0.0,0.0,0.0,0.0,0.005935104671833559,0.0,0.013615441348928597,0.0,0.041428340178355,0.005291359102274337,0.0,0.005141419163949956,0.0,0.0,0.03206057687200164,0.0,0.0,0.020423162023392893,0.44793812985324155,0.3333556234432833,0.030362714454567636,0.01722685851164432,0.0,0.0,0.05868754514881069,0.0,0.275002861638304,0.02501628102097686,0.01686484746791928,0.1699787273378272,0.3317518928224774,0.14317056319943267,0.13757533665913277,0.0,0.016017007239920396,0.01444177488803336,0.0,0.0,0.009646632076371247,0.027230882697857194,0.284299165186609,0.024543456940670626,XD-3685,3
0.0,0.0,0.0,0.0,0.0,0.0,0.0,0.0,0.0,0.0,0.0,0.0,0.3893004977834266,0.0,0.0,0.0,0.0,0.0,0.0,0.3372403943165196,0.0,0.0,0.0,0.0,0.0,0.0,0.0,0.0,0.796630927660964,0.0,0.0,0.0,0.0,0.0,0.0,0.0,0.0,0.0,0.0,0.0,0.0,0.0,0.0,0.0,0.0,0.0,0.3163751000961464,0.0,0.0,0.0,XD-3684,3
0.0,0.0,0.0,0.0,0.0,0.0,0.0,0.0,0.1807619093376219,0.0,0.0,0.0,0.4365232673444652,0.0,0.400562906475926,0.0,0.0,0.15567047199550688,0.0,0.0756296381051533,0.0,0.0,0.0,0.0,0.0,0.0,0.0,0.0,0.7146108209780372,0.0,0.0,0.0,0.0,0.07938360682563583,0.07355014509831061,0.0,0.0,0.0,0.0,0.0,0.07783523599775344,0.0,0.0,0.0,0.0,0.0,0.0,0.0,0.0,0.24068747130980528,XD-3683,1
0.0,0.0,0.0,0.0,0.0,0.0,0.0,0.0,0.0,0.0,0.0,0.0,0.0,0.0,0.0,0.0,0.0,0.0,0.0,0.0,0.0,0.0,0.42929263910665383,0.0,0.0,0.0,0.0,0.0,0.0,0.0,0.0,0.0,0.0,0.43356595925979,0.0,0.0,0.0,0.0,0.0,0.4423986013221474,0.0,0.0,0.0,0.0,0.0,0.0,0.0,0.0,0.0,0.6572760961180545,XD-3673,5
0.0,0.0,0.0,0.7427640812192906,0.0,0.0,0.0,0.0,0.22345795768564294,0.0,0.0,0.0,0.0,0.0,0.0,0.0,0.0,0.0,0.0,0.09349339434070934,0.0,0.0,0.5830009304244019,0.0,0.0,0.0,0.0,0.0,0.0,0.0,0.0,0.0,0.0,0.09813405224573304,0.0,0.0,0.0,0.0,0.0,0.0,0.0,0.2002664947668238,0.0,0.0,0.0,0.0,0.0,0.0,0.0,0.0,XD-3667,1
0.0,0.0,0.0,0.0,0.0,0.0,0.0,0.0,0.0,0.0,0.0,0.0,0.0,0.0,0.0,0.6115014218814676,0.0,0.5876034298034714,0.0,0.0,0.0,0.0,0.0,0.0,0.0,0.0,0.0,0.0,0.0,0.0,0.0,0.0,0.0,0.0,0.0,0.0,0.3121391569323622,0.3630014129087938,0.0,0.0,0.0,0.0,0.0,0.0,0.0,0.0,0.0,0.0,0.0,0.22712846861614233,XD-3665,1
0.0,0.0,0.0,0.10772566133563852,0.0,0.0,0.0,0.0,0.19445331470160349,0.0,0.0,0.5069076068324176,0.0,0.0,0.0,0.0,0.0,0.0,0.0,0.16271607080407083,0.0,0.0,0.0,0.0,0.0,0.0,0.0,0.2511920740792034,0.3843687073510352,0.2725985413683838,0.0,0.0,0.0,0.17079268012578966,0.39560517930902683,0.0,0.0,0.0,0.0,0.0,0.4186534567986724,0.0,0.0,0.0,0.0,0.0,0.0,0.0,0.14512135725533512,0.0,XD-3663,2
0.0,0.0,0.0,0.9426015022863272,0.0,0.0,0.0,0.0,0.0,0.0,0.0,0.0,0.0,0.0,0.0,0.0,0.0,0.0,0.0,0.0,0.0,0.0,0.0,0.0,0.0,0.0,0.0,0.0,0.0,0.0,0.0,0.0,0.0,0.0,0.0,0.0,0.0,0.0,0.0,0.0,0.0,0.0,0.0,0.0,0.0,0.0,0.3339197626489917,0.0,0.0,0.0,XD-3653,2
0.0,0.0,0.0,0.0,0.0,0.0,0.0,0.0,0.0,0.0,0.0,0.0,0.0,0.0,0.0,0.41293680619331824,0.0,0.0,0.0,0.0,0.0,0.0,0.0,0.0,0.0,0.0,0.0,0.0,0.9107596796580655,0.0,0.0,0.0,0.0,0.0,0.0,0.0,0.0,0.0,0.0,0.0,0.0,0.0,0.0,0.0,0.0,0.0,0.0,0.0,0.0,0.0,XD-3648,1
0.0,0.0,0.0,0.0,0.0,0.0,0.0,0.0,0.0,0.42573771121448645,0.0,0.0,0.0,0.0,0.0,0.0,0.0,0.0,0.0,0.0,0.0,0.0,0.3746205629420353,0.0,0.0,0.0,0.0,0.0,0.0,0.0,0.0,0.0,0.0,0.0,0.0,0.0,0.0,0.0,0.0,0.7721148604688625,0.0,0.0,0.0,0.0,0.0,0.0,0.0,0.0,0.0,0.28678472294386986,XD-3629,3
0.0,0.0,0.0,0.0,0.0,0.0,0.0,0.0,0.0,0.4005127736365858,0.0,0.0,0.0,0.0,0.0,0.0,0.0,0.0,0.0,0.3391007831106673,0.0,0.0,0.35242431378042394,0.0,0.0,0.0,0.0,0.0,0.0,0.0,0.0,0.0,0.0,0.0,0.0,0.0,0.0,0.0,0.0,0.7263670945433669,0.0,0.0,0.0,0.0,0.0,0.0,0.0,0.0,0.0,0.2697927428021104,XD-3628,1
0.0,0.0,0.0,0.8698918585469464,0.0,0.0,0.0,0.0,0.0,0.0,0.0,0.0,0.0,0.0,0.0,0.0,0.0,0.3380654424455311,0.0,0.0,0.0,0.0,0.0,0.0,0.0,0.0,0.0,0.0,0.0,0.0,0.0,0.0,0.0,0.0,0.0,0.0,0.35916557610362243,0.0,0.0,0.0,0.0,0.0,0.0,0.0,0.0,0.0,0.0,0.0,0.0,0.0,XD-3591,1
0.0,0.0,0.0,0.11350250132392188,0.0,0.0,0.0,0.4170868056255058,0.03414682774700234,0.03374838855638576,0.0,0.0,0.0,0.0,0.0,0.0,0.07674652649372077,0.05881385975622442,0.0,0.04286044943442014,0.0,0.0,0.02969631297944926,0.0,0.0,0.01891708355398698,0.0,0.4999178079279076,0.0,0.04786946136904054,0.0,0.1134866457564659,0.020384891806055867,0.0,0.47239565524524446,0.0,0.15621172094235472,0.07266640426952452,0.0,0.06120583550592474,0.4999178079279076,0.0,0.0,0.14045625011811103,0.0,0.0,0.0,0.01891708355398698,0.0,0.07956736512763825,XD-3568,3
0.0,0.0,0.0,0.2331254197871387,0.0,0.0,0.0,0.0,0.0,0.0,0.2299290143652393,0.0,0.0,0.0,0.0,0.0,0.0,0.0,0.0,0.0,0.0,0.5594228488066152,0.0,0.0,0.0,0.0,0.0,0.0,0.0,0.0,0.0,0.0,0.0,0.0,0.0,0.0,0.0,0.0,0.6885212814284285,0.0,0.0,0.0,0.0,0.0,0.0,0.0,0.1651709331121381,0.0,0.0,0.2801575826391479,XD-3567,3
0.6961428063932529,0.0,0.0,0.14764479215599707,0.0,0.0,0.0,0.0,0.13325524706556105,0.06585018509575215,0.0,0.0,0.0,0.0,0.0,0.0,0.0,0.11475817711036067,0.0,0.05575315146930479,0.0,0.0,0.05794373568654749,0.0,0.0,0.0,0.0,0.2868954427759017,0.0,0.0,0.0,0.0,0.0,0.0,0.0,0.0,0.0,0.0,0.0,0.0,0.0,0.0,0.6079051537905766,0.0,0.0,0.0,0.0,0.0,0.0,0.0,XD-3505,3
0.0,0.0,0.0,0.0,0.0,0.0,0.561710588537835,0.0,0.0,0.0,0.0,0.026497787540466496,0.05891255723455266,0.0,0.02252474926991327,0.01821959096776238,0.0,0.01750755396338021,0.30343950970988554,0.017011446723115286,0.0,0.2162073859939453,0.0,0.0,0.0,0.0,0.364023524202822,0.2801208634140834,0.0,0.037999078520613544,0.0,0.0,0.024272482357828563,0.017855830492345282,0.2812429743789153,0.0,0.0,0.0,0.0,0.23685468258091097,0.2976284173774636,0.07287836387104953,0.0,0.3105933587003426,0.0,0.0255339379523166,0.0,0.02252474926991327,0.0,0.0,XD-3468,2
0.0,0.0,0.0,0.0,0.0,0.0,0.0,0.0,0.0,0.0,0.1483298288641681,0.0,0.1311145847256607,0.0,0.15039186644789684,0.36494234746741466,0.0,0.0,0.0,0.4543239426128569,0.0,0.0,0.0,0.0,0.0,0.0,0.0,0.0,0.0,0.0,0.15951928582929212,0.0,0.0,0.0,0.0,0.0,0.0,0.0,0.0,0.0,0.0,0.7298846949348293,0.0,0.0,0.0,0.17048343315159437,0.10655365226304503,0.0,0.0,0.0,XD-3464,2
0.0,0.0,0.0,0.0,0.0,0.0,0.0,0.6179811934298425,0.0,0.15001099882647972,0.0,0.0,0.0,0.0,0.0,0.0,0.0,0.0,0.0,0.0,0.0,0.0,0.13199959352334822,0.0,0.0,0.0,0.0,0.0,0.0,0.0,0.0,0.0,0.0,0.5332542436035987,0.0,0.0,0.0,0.0,0.0,0.40808830781265637,0.0,0.0,0.0,0.35675747618394327,0.0,0.0,0.0,0.0,0.0,0.0,XD-3460,2
0.0,0.0,0.0,0.0,0.0,0.0,0.0,0.0,0.0,0.0,0.0,0.0,0.24207114900247323,0.0,0.0,0.22459238880236052,0.0,0.0,0.0,0.0,0.0,0.0,0.0,0.0,0.0,0.2776619549064086,0.0,0.0,0.0,0.0,0.0,0.0,0.0,0.8804332943415962,0.0,0.0,0.0,0.0,0.0,0.0,0.0,0.0,0.0,0.0,0.0,0.0,0.19672536878864233,0.0,0.0,0.0,XD-3424,3
0.0,0.0,0.010409881841996087,0.0,0.2454548058136315,0.0,0.0,0.0567916716244437,0.013948574269923701,0.0,0.0,0.45452030560275114,0.006736902965249612,0.0,0.0,0.006250464528012207,0.0,0.012012382189478657,0.0,0.005835995138482536,0.0,0.0,0.012130591755279833,0.0,0.0,0.06954663905834514,0.5084519788804992,0.42643956772649233,0.0,0.019554107400969984,0.0,0.0,0.07494287946835172,0.0,0.31215415674393926,0.0378611144162958,0.038286381520549535,0.01484168228439235,0.12552321787401363,0.17501300678434178,0.15616096846322255,0.006250464528012207,0.02727121833616507,0.01639277509769717,0.0,0.0,0.0,0.038637021699080634,0.3227063371018787,0.0,XD-3385,3
0.0,0.0,0.0,0.0,0.0,0.0,0.0,0.0,0.0,0.3092653269522447,0.0,0.0,0.0,0.0,0.0,0.0,0.0,0.5389616614269581,0.0,0.5236892377052663,0.0,0.0,0.5442653907768753,0.0,0.0,0.0,0.0,0.0,0.0,0.0,0.0,0.0,0.0,0.0,0.0,0.0,0.0,0.0,0.0,0.0,0.0,0.0,0.0,0.0,0.0,0.0,0.0,0.0,0.0,0.208326790814783,XD-3346,1
0.0,0.0,0.0,0.0,0.0,0.0,0.0,0.0,0.0,0.0,0.0,0.0,0.0,0.0,0.0,0.0,0.0,0.0,0.0,0.0,0.0,0.0,0.0,0.0,0.0,0.0,0.0,0.0,0.0,0.0,0.0,0.0,0.0,1.0,0.0,0.0,0.0,0.0,0.0,0.0,0.0,0.0,0.0,0.0,0.0,0.0,0.0,0.0,0.0,0.0,XD-3338,2
0.0,0.0,0.0,0.0,0.0,0.0,0.0,0.0,0.0,0.0,0.0,0.0,0.0,0.0,0.0,0.0,0.0,1.0,0.0,0.0,0.0,0.0,0.0,0.0,0.0,0.0,0.0,0.0,0.0,0.0,0.0,0.0,0.0,0.0,0.0,0.0,0.0,0.0,0.0,0.0,0.0,0.0,0.0,0.0,0.0,0.0,0.0,0.0,0.0,0.0,XD-3335,3
0.0,0.0,0.0,0.0,0.0,0.0,0.0,0.0,0.0,0.22263005170643632,0.0,0.0,0.0,0.0,0.0,0.20188013274549882,0.0,0.0,0.0,0.0,0.0,0.0,0.19589947777978683,0.0,0.0,0.0,0.2881087001293637,0.0,0.0,0.0,0.0,0.0,0.0,0.7913981025049329,0.0,0.0,0.0,0.0,0.0,0.20188013274549882,0.0,0.0,0.0,0.0,0.0,0.0,0.17683120864976037,0.0,0.0,0.2999353640318873,XD-3321,3
0.0,0.0,0.0,0.0,0.0,0.0,0.0,0.0,0.0,0.0,0.0,0.0,0.0,0.0,0.0,0.0,0.0,0.0,0.0,0.0,0.0,0.0,0.0,0.0,0.0,0.0,0.0,0.0,0.0,0.0,0.0,0.0,0.0,0.9129833538732501,0.0,0.0,0.0,0.0,0.0,0.0,0.0,0.0,0.0,0.0,0.0,0.0,0.40799680826000567,0.0,0.0,0.0,XD-3308,2
0.0,0.2607301676470675,0.0,0.0,0.0,0.0,0.0,0.0,0.31870562166702215,0.47248025064644683,0.0,0.0,0.30785782203990475,0.0,0.0,0.0,0.0,0.0,0.0,0.0,0.0,0.0,0.0,0.0,0.0,0.0,0.0,0.13723315585215726,0.0,0.0,0.0,0.0,0.0,0.13996312528587043,0.0,0.0,0.0,0.0,0.0,0.0,0.0,0.5712578632220874,0.0,0.0,0.0,0.20014805573976566,0.2501886070473012,0.0,0.0,0.2121809026369079,XD-3306,0
0.0,0.0,0.0,0.0,0.0,0.0,0.0,0.0,0.0,0.0,0.0,0.0,0.0,0.0,0.0,0.0,0.0,0.0,0.0,0.0,0.0,0.0,0.5327265067691197,0.0,0.0,0.0,0.0,0.0,0.0,0.0,0.0,0.0,0.0,0.0,0.498492637009028,0.0,0.0,0.0,0.0,0.5489902225491924,0.0,0.0,0.0,0.0,0.0,0.0,0.0,0.0,0.0,0.4078201752963485,XD-3290,8
0.0,0.0,0.0,0.0,0.0,0.0,0.0,0.0,0.0,0.2517019410385254,0.0,0.0,0.0,0.0,0.0,0.0,0.0,0.0,0.0,0.0,0.0,0.0,0.22148078584927308,0.0,0.0,0.0,0.0,0.0,0.0,0.0,0.0,0.0,0.0,0.0,0.0,0.0,0.23301138250477665,0.0,0.0,0.6847272533021854,0.0,0.0,0.0,0.29929988446838224,0.0,0.0,0.39984501743747647,0.0,0.0,0.3391020786918327,XD-3287,5
0.0,0.0,0.0,0.0,0.0,0.0,0.0,0.0,0.6895583831528228,0.0,0.0,0.0,0.0,0.0,0.0,0.0,0.0,0.0,0.0,0.0,0.0,0.0,0.29984251707696147,0.0,0.0,0.0,0.0,0.0,0.0,0.0,0.0,0.0,0.0,0.0,0.0,0.0,0.0,0.0,0.0,0.6179929404231139,0.0,0.0,0.0,0.0,0.0,0.0,0.0,0.0,0.0,0.22953959737659718,XD-3253,3
0.0,0.0,0.0,0.6711242707905929,0.0,0.0,0.0,0.0,0.0,0.0,0.0,0.0,0.0,0.0,0.0,0.0,0.0,0.5216370777851389,0.0,0.0,0.0,0.0,0.5267703220907342,0.0,0.0,0.0,0.0,0.0,0.0,0.0,0.0,0.0,0.0,0.0,0.0,0.0,0.0,0.0,0.0,0.0,0.0,0.0,0.0,0.0,0.0,0.0,0.0,0.0,0.0,0.0,XD-3237,1
0.0,0.0,0.0,0.5734753445324611,0.0,0.0,0.0,0.0,0.34505607503780306,0.17051490961908566,0.0,0.0,0.0,0.0,0.0,0.0,0.0,0.14857953830783127,0.0,0.0,0.0,0.0,0.15004165651496687,0.0,0.0,0.0,0.0,0.0,0.6820596384763427,0.0,0.0,0.0,0.0,0.0,0.0,0.0,0.0,0.0,0.0,0.0,0.0,0.0,0.0,0.0,0.0,0.0,0.0,0.0,0.0,0.11486196741512558,XD-3220,2
0.0,0.0,0.0,0.5271591162683614,0.0,0.0,0.0,0.0,0.23789094506964642,0.0,0.0,0.0,0.0,0.0,0.0,0.0,0.0,0.10243473262190608,0.0,0.0,0.0,0.0,0.20688551253155177,0.0,0.0,0.0,0.0,0.10243473262190608,0.0,0.0,0.0,0.0,0.0,0.0,0.0,0.0,0.0,0.7593683246904713,0.0,0.0,0.0,0.0,0.0,0.0,0.0,0.0,0.0,0.0,0.0,0.15837786352812117,XD-3217,5
0.0,0.0,0.0,0.0,0.0,0.0,0.0,0.0,0.0,0.39716821328673996,0.0,0.0,0.0,0.0,0.0,0.0,0.0,0.0,0.0,0.0,0.0,0.0,0.34948132553191147,0.0,0.0,0.0,0.0,0.0,0.0,0.0,0.0,0.0,0.0,0.0,0.0,0.0,0.0,0.0,0.0,0.7203014238737798,0.0,0.3601507119368899,0.0,0.0,0.0,0.0,0.0,0.0,0.0,0.2675397856690357,XD-3216,2
0.0,0.0,0.0,0.5785451139730416,0.0,0.0,0.0,0.0,0.6526997242442137,0.0,0.0,0.0,0.0,0.0,0.0,0.0,0.0,0.11241978414230736,0.0,0.0,0.0,0.0,0.2270521342288724,0.0,0.0,0.0,0.0,0.0,0.25803350246932744,0.0,0.15341438599836033,0.0,0.0,0.0,0.0,0.0,0.0,0.0,0.0,0.23398385497382437,0.0,0.0,0.0,0.0,0.0,0.0,0.0,0.0,0.0,0.173816095137086,XD-3214,2
0.0,0.0,0.0,0.0,0.0,0.0,0.0,0.0,0.0,0.2144695207214313,0.0,0.0,0.0,0.0,0.0,0.0,0.0,0.0,0.0,0.0,0.0,0.0,0.18871875915660538,0.0,0.0,0.0,0.5550960830202494,0.0,0.0,0.0,0.0,0.0,0.0,0.7623893110706048,0.0,0.0,0.0,0.0,0.0,0.0,0.0,0.0,0.0,0.0,0.0,0.0,0.17034943969610145,0.0,0.0,0.0,XD-3200,5
0.0,0.0,0.0,0.0,0.0,0.0,0.0,0.0,0.0,0.0,0.0,0.0,0.0,0.0,0.0,0.0,0.0,0.0,0.0,0.0,0.0,0.4005401006227085,0.0,0.0,0.0,0.0,0.0,0.0,0.0,0.0,0.8852262525250716,0.0,0.0,0.0,0.0,0.0,0.0,0.0,0.0,0.0,0.0,0.0,0.0,0.0,0.0,0.0,0.23652084397272166,0.0,0.0,0.0,XD-3178,1
0.0,0.0,0.0,0.0,0.0,0.4349269480267455,0.0,0.0,0.042728876703331094,0.021115149322890023,0.0,0.3620081054574551,0.041274511730585765,0.0,0.07101442073217602,0.03829428341387597,0.0,0.018398855236203705,0.0,0.017877491411516424,0.1242763681599786,0.05680360038045806,0.0,0.0,0.03279483379563958,0.11835736788696004,0.0,0.45997138090509265,0.21115149322890023,0.01996679679732149,0.0,0.0,0.07652454878490172,0.0,0.3824906034935433,0.1159805194737988,0.05864162328531673,0.0,0.0,0.0,0.4047748151964815,0.03829428341387597,0.11138710937152464,0.17575681811426422,0.02188580217635283,0.0,0.0,0.0,0.0,0.014223551470714552,XD-3150,3
0.0,0.0,0.05628665083540767,0.0,0.45764966604129514,0.0,0.0,0.0,0.07542050346965332,0.0,0.0,0.0,0.0,0.0,0.0,0.0,0.0,0.03247571741270631,0.0,0.06311092203019966,0.0,0.6015823213881701,0.0,0.05351908587526263,0.0,0.0,0.04823193596610481,0.4546600437778884,0.11181069915501364,0.10572984711855409,0.0,0.05013186011568085,0.04502435232280433,0.0,0.3682538424543697,0.0,0.13801067236610468,0.0,0.0,0.0,0.06495143482541262,0.0,0.0,0.0,0.0,0.0,0.0,0.0,0.0,0.12552955937690133,XD-3136,5
0.0,0.0,0.0,0.0,0.0,0.0,0.0,0.4094535472872378,0.0,0.0,0.0,0.0,0.0,0.0,0.0,0.0,0.07534196021305713,0.028868742887616736,0.0,0.0,0.0,0.0,0.0,0.0,0.0,0.0,0.08574993683327786,0.548506114864718,0.0,0.031328923220013176,0.0,0.0,0.0,0.05888605348372255,0.5183090128585857,0.0,0.09201169982603716,0.0,0.0,0.0,0.4618998862018678,0.06008568510096144,0.0,0.0,0.0,0.0,0.05263036126663539,0.037141750163459844,0.05003507175292394,0.11158739092334012,XD-3135,2
0.0,0.0,0.0,0.0,0.0,0.0,0.0,0.0,0.0,0.0,0.0,0.0,0.0,0.0,0.0,1.0,0.0,0.0,0.0,0.0,0.0,0.0,0.0,0.0,0.0,0.0,0.0,0.0,0.0,0.0,0.0,0.0,0.0,0.0,0.0,0.0,0.0,0.0,0.0,0.0,0.0,0.0,0.0,0.0,0.0,0.0,0.0,0.0,0.0,0.0,XD-3133,1
0.0,0.0,0.0,0.0,0.0,0.0,0.0,0.0,0.0,0.0,0.0,0.0,0.0,0.0,0.0,0.0,0.0,0.0,0.0,0.0,0.0,0.0,0.0,0.0,0.0,0.0,0.0,0.0,0.0,0.0,0.0,0.0,0.0,1.0,0.0,0.0,0.0,0.0,0.0,0.0,0.0,0.0,0.0,0.0,0.0,0.0,0.0,0.0,0.0,0.0,XD-3124,3
0.0,0.0,0.0,0.0,0.0,0.0,0.0,0.0,0.0,0.26105106158238084,0.0,0.0,0.0,0.0,0.0,0.0,0.0,0.0,0.0,0.4420464226930219,0.0,0.0,0.22970738337374652,0.0,0.0,0.0,0.0,0.0,0.0,0.0,0.0,0.0,0.0,0.0,0.0,0.0,0.0,0.0,0.0,0.47344033351882675,0.0,0.0,0.0,0.0,0.541157611945025,0.0,0.20734835385020428,0.0,0.0,0.35169755649101525,XD-3090,2
0.0,0.0,0.0,0.0,0.0,0.20782763952150918,0.0,0.0,0.07656666503088948,0.0,0.0,0.0,0.22188168455242185,0.0,0.21208675818599612,0.06862023523589629,0.0,0.0,0.0,0.12814003101480737,0.0,0.0,0.0,0.0,0.0,0.0,0.0,0.0,0.8324057915955396,0.0,0.0,0.0,0.0,0.0,0.12461672579918,0.0,0.0,0.0,0.0,0.0,0.13187699696420171,0.0,0.0,0.0,0.0,0.0,0.0,0.0,0.0,0.33133678686193735,XD-3087,3
0.0,0.0,0.0,0.0,0.0,0.0,0.0,0.0,0.0,0.0,0.0,0.0,0.0,0.0,0.0,0.0,0.0,0.0,0.0,0.0,0.0,0.0,0.0,0.0,0.0,0.0,0.0,0.0,0.0,0.0,0.0,0.0,0.0,0.0,0.0,0.0,0.0,0.0,0.0,0.0,0.0,0.6584474375734433,0.0,0.0,0.752626714881266,0.0,0.0,0.0,0.0,0.0,XD-3086,1
0.0,0.0,0.0,0.0,0.0,0.0,0.0,0.0,0.0,0.0,0.0,0.0,0.0,0.0,0.0,0.0,0.0,0.0,0.0,0.0,0.0,0.0,0.0,0.0,0.0,0.0,0.0,0.0,0.0,0.0,0.0,0.8941417660054617,0.0,0.0,0.0,0.0,0.0,0.0,0.0,0.0,0.0,0.0,0.0,0.0,0.0,0.0,0.0,0.0,0.0,0.44778399065245084,XD-3075,1
0.0,0.0,0.0,0.0,0.0,0.0,0.0,0.0,0.0,0.0,0.0,0.0,0.0,0.0,0.0,0.0,0.0,0.0,0.0,0.0,0.0,0.0,0.0,0.0,0.0,0.0,0.0,0.0,0.0,0.0,0.0,0.0,0.0,0.0,0.0,0.0,0.0,0.0,0.0,0.0,0.0,0.0,0.0,0.0,0.0,0.0,0.0,0.0,0.0,1.0,XD-3074,1
0.0,0.0,0.0,0.0,0.0,0.0,0.29643580524417207,0.0,0.0,0.0,0.0,0.0,0.0,0.0,0.0,0.0,0.06200504540998182,0.02375844361646365,0.288245596630476,0.04617041291444656,0.0,0.0,0.0,0.0,0.08469594435547773,0.0,0.0,0.7127533084939096,0.0,0.15469876027192328,0.0,0.0,0.065877438360183,0.0484621372996884,0.3143064621133695,0.0,0.050482622696387924,0.0,0.0,0.024724706011360953,0.33261821063049113,0.049449412022721906,0.03595854638277858,0.19453268305955096,0.0,0.0,0.0,0.03056697621058724,0.0,0.14693498755417844,XD-3067,3
0.018364423240400423,0.0,0.0,0.0,0.0,0.0,0.0,0.0,0.0,0.012160011723395935,0.0,0.0,0.0,0.0,0.0,0.0,0.0,0.010595724043815565,0.0,0.030886426871718053,0.0,0.0,0.0,0.017461460752509178,0.0,0.13632174312833448,0.0,0.7734878551985362,0.0,0.08049080572194768,0.0,0.0,0.13220925830866348,0.0,0.5206444819550995,0.2003762021646807,0.10131344311954221,0.0,0.0,0.0,0.06357434426289339,0.0,0.160366916553676,0.0,0.050415293204083174,0.0,0.01931697498843274,0.027264348625666898,0.0,0.04914724020768848,XD-3058,3
0.0,0.0,0.0,0.0,0.0,0.0,0.0,0.0,0.0,0.0,0.0,0.0,0.0,0.0,0.0,0.0,0.0,0.6434951410216945,0.0,0.0,0.0,0.0,0.0,0.0,0.0,0.0,0.0,0.0,0.0,0.0,0.0,0.0,0.0,0.0,0.0,0.0,0.0,0.0,0.0,0.0,0.0,0.0,0.0,0.0,0.7654501966042399,0.0,0.0,0.0,0.0,0.0,XD-3046,2
0.0,0.0,0.0,0.0,0.14301217079195044,0.0,0.0,0.0,0.23568355280835476,0.0,0.0,0.0,0.0,0.0,0.13056690049832068,0.2112232631317625,0.0,0.0,0.0,0.0,0.0,0.0,0.0,0.0,0.0,0.0,0.9043276168441814,0.0,0.0,0.0,0.0,0.0,0.0,0.10350305858112238,0.09589719189103524,0.0,0.0,0.0,0.0,0.0,0.0,0.0,0.0,0.0,0.0,0.0,0.0,0.0,0.0,0.15690827387976558,XD-3029,2
0.0,0.0,0.6002633589505696,0.0,0.153647230823731,0.0,0.0,0.0,0.0074473557121196785,0.03680228455662299,0.008138419239726507,0.0,0.0,0.0,0.0,0.01334887187903191,0.0,0.0,0.0,0.0,0.010830267394152576,0.2871140751086551,0.012953414456826677,0.4861935408002937,0.0,0.0,0.01905054287887598,0.006413593345369764,0.06624411220192138,0.0,0.026257055000502797,0.46532281138299275,0.0,0.01962353550837989,0.10302855971093931,0.0,0.013627787165233461,0.13471139403830767,0.0,0.020023307818547866,0.0,0.0,0.0,0.0,0.0,0.20578628443706182,0.023385135687975626,0.008251557146464234,0.0,0.02479069319502992,XD-3025,5
0.0,0.0,0.0,0.0,0.0,0.0,0.0,0.0,0.0,0.0,0.0,0.0,0.0,0.0,0.0,0.0,0.0,0.0,0.0,0.0,0.0,0.0,0.0,0.0,0.0,0.0,0.0,0.0,0.0,0.0,0.0,0.0,0.0,0.7456008529124698,0.0,0.0,0.0,0.0,0.0,0.0,0.0,0.0,0.0,0.0,0.0,0.0,0.6663928031845764,0.0,0.0,0.0,XD-3022,3
0.018775425280259907,0.0,0.0,0.0,0.0,0.11950206901434879,0.0,0.0,0.0,0.04972862769083659,0.0,0.155758183569172,0.0,0.0,0.0,0.0,0.007067929029031041,0.010832859952675255,0.0,0.02631472967745241,0.0,0.0,0.0,0.0,0.2510158312863303,0.06271770155283456,0.0,0.6608044571131906,0.055944706152191166,0.029390077620603344,0.0,0.03344476815701057,0.060074731772609406,0.0,0.5169419705913524,0.11096620694189532,0.07480840787642994,0.0,0.0,0.0,0.362900808414621,0.0,0.09017579048741538,0.04434939733051309,0.1353019621215137,0.0,0.0,0.006968633505870507,0.0,0.012561793040965661,XD-3015,2
0.0,0.0,0.0,0.0,0.0,0.0,0.0,0.0,0.0,0.0,0.0,0.0,0.07322084749864961,0.0,0.0,0.0,0.0,0.0,0.0,0.0,0.0,0.0,0.0,0.0,0.0,0.0,0.0,0.0,0.0,0.0,0.0,0.0,0.0,0.46604325391894125,0.0,0.0,0.0,0.0,0.0,0.6793393230717901,0.0,0.06793393230717902,0.0,0.0,0.0,0.0,0.23801924825071352,0.0,0.0,0.5046506666992876,XD-2996,5
0.0,0.0,0.0,0.0,0.0,0.0,0.0,0.0,0.0,0.0,0.0,0.0,0.3039665900956716,0.0,0.0,0.0,0.0,0.0,0.0,0.0,0.0,0.0,0.0,0.0,0.0,0.0,0.0,0.0,0.0,0.0,0.0,0.0,0.0,0.8291641963236793,0.0,0.0,0.0,0.0,0.0,0.2820186662764894,0.0,0.2820186662764894,0.0,0.0,0.0,0.0,0.24702629694787015,0.0,0.0,0.0,XD-2981,1
0.0,0.0,0.0,0.0,0.0,0.0,0.0,0.0,0.0,0.0,0.0,0.1162929096013239,0.0,0.0,0.0,0.0,0.0,0.0,0.0,0.0,0.0,0.0,0.0,0.0,0.5934796420108612,0.0,0.0,0.5122451292192753,0.0,0.027794920592161015,0.03495193153917976,0.0,0.0,0.0,0.4114376687173891,0.0,0.08163248612964562,0.0,0.0,0.0,0.43540835983638404,0.0,0.0,0.0,0.0,0.0,0.0,0.06590408417150927,0.0,0.0,XD-2865,2
0.0,0.0,0.0,0.0,0.0,0.0,0.0,0.0,0.0,0.0,0.0,0.0,0.0,0.0,0.0,0.0,0.0,0.0,0.0,0.0,0.0,0.0,0.0,0.0,0.0,0.0,0.0,0.0,0.0,0.0,0.0,0.0,0.0,0.0,0.0,0.0,0.0,0.0,0.0,0.0,0.0,0.0,0.0,0.0,0.0,0.0,1.0,0.0,0.0,0.0,XD-2842,2
0.0,0.0,0.0,0.0,0.0,0.0,0.0,0.0,0.0,0.0,0.0,0.0,0.0,0.0,0.0,0.0,0.0,0.0,0.0,0.0,0.0,0.0,0.0,0.0,0.0,0.8159577338154382,0.0,0.0,0.0,0.0,0.0,0.0,0.0,0.0,0.0,0.0,0.0,0.0,0.0,0.0,0.0,0.0,0.0,0.0,0.0,0.0,0.5781115607101924,0.0,0.0,0.0,XD-2767,1
0.0,0.0,0.0,0.0,0.0,0.0,0.0,0.0,0.0,0.0,0.0,0.0,0.0,0.0,0.0,0.0,0.0,0.0,0.0,0.606482722364323,0.0,0.0,0.0,0.0,0.0,0.0,0.0,0.0,0.0,0.0,0.0,0.0,0.0,0.0,0.0,0.0,0.0,0.0,0.0,0.0,0.0,0.0,0.0,0.0,0.7424621597911092,0.0,0.28447961043259445,0.0,0.0,0.0,XD-2764,1
0.36382463130427994,0.0,0.6366931047824899,0.0,0.0,0.0,0.0,0.0,0.0,0.0,0.0,0.0,0.11772714016678326,0.0,0.06751805826293625,0.10922664574396695,0.0,0.0,0.0,0.0,0.0,0.0,0.15898624522792215,0.605387466571493,0.0,0.0,0.0,0.0,0.0,0.0,0.0716157907277222,0.0,0.0,0.05352294887142708,0.0,0.0,0.055754429829732007,0.0,0.0,0.0,0.0,0.10922664574396695,0.0,0.0,0.0,0.0,0.04783699990928287,0.0,0.0,0.1217093528756206,XD-2755,5
0.0,0.0,0.0,0.0,0.0,0.0,0.0,0.0,0.0,0.0,0.0,0.0,0.0,0.0,0.0,0.0,0.0,0.0,0.0,0.0,0.0,0.6871073161465335,0.0,0.0,0.0,0.0,0.0,0.0,0.25541292249277076,0.0,0.3037126288275922,0.0,0.0,0.0,0.0,0.0,0.0,0.0,0.0,0.0,0.0,0.0,0.0,0.0,0.0,0.0,0.6086102317676255,0.0,0.0,0.0,XD-2752,8
0.01678592912634868,0.0,0.0,0.0,0.0,0.06105102756042969,0.0,0.0,0.022492068849808766,0.21118141057615974,0.01228958928137709,0.10260792632416306,0.0,0.0,0.0,0.0,0.1769317664687585,0.02905494017104105,0.0,0.028231617494757,0.0,0.0,0.0,0.0,0.5006236479923573,0.0,0.0,0.6004687635348485,0.022229622165911553,0.06306197629208705,0.0,0.0,0.0,0.0,0.35691978695919013,0.0,0.06173677054772972,0.0,0.0,0.0,0.3777142222235337,0.0,0.0,0.02643334142987305,0.0,0.014125084541362474,0.0,0.04984174212448914,0.0,0.11979424638351704,XD-2722,5
0.0,0.0,0.0,0.0,0.0,0.0,0.0,0.0,0.0,0.0,0.0,0.0,0.0,0.0,0.0,0.0,0.39459051054187044,0.0,0.0,0.0,0.0,0.0,0.0,0.0,0.0,0.0,0.0,0.0,0.0,0.0,0.0,0.0,0.0,0.0,0.2857425242733505,0.0,0.0,0.0,0.0,0.0,0.30239011468545535,0.3146884032908067,0.0,0.0,0.7193980435335002,0.0,0.0,0.0,0.0,0.23376787877544614,XD-2710,1
0.0,0.16040444468141352,0.0,0.0,0.023795156007948338,0.0,0.0,0.0399153255234839,0.0,0.0,0.0,0.0,0.0,0.0,0.0,0.043930618552388875,0.03305098952818076,0.008442754574583936,0.014632913964287559,0.016407028639441403,0.0,0.0,0.05968085696341027,0.12522083845689647,0.0,0.03258666464847494,0.01253891924369152,0.5487790473479558,0.0,0.02748672613098234,0.0345643790123735,0.0390985350018904,0.10534535589753484,0.12054987969341233,0.4547432986322009,0.05322043403131185,0.04484851791928574,0.23991974427428728,0.44913244510795786,0.01757224742095555,0.21951161893918233,0.01757224742095555,0.03833447849566426,0.02304291934158233,0.0803425883059309,0.0,0.007695957269003446,0.021724443098983297,0.29265827928575117,0.05874134962968749,XD-2685,3
0.0,0.0,0.0,0.0,0.0,0.0,0.0,0.0,0.0,0.0,0.0,0.0,0.0,0.0,0.0,0.0,0.0,0.0,0.0,0.0,0.0,0.0,0.0,0.0,0.0,1.0,0.0,0.0,0.0,0.0,0.0,0.0,0.0,0.0,0.0,0.0,0.0,0.0,0.0,0.0,0.0,0.0,0.0,0.0,0.0,0.0,0.0,0.0,0.0,0.0,XD-2616,3
0.0,0.0,0.0,0.09213838714134497,0.0,0.0,0.0,0.0,0.0,0.0,0.018175013741492517,0.0,0.35344344924840576,0.0,0.4054089034219178,0.34282863918844797,0.05607075596233949,0.057292279373092454,0.0,0.0,0.0,0.0,0.014464018061570412,0.0,0.0,0.0,0.0,0.07161534921636557,0.0,0.031087349881609914,0.44955960905621384,0.0,0.0,0.0,0.05413814716288036,0.0,0.0,0.017696610763617976,0.0,0.0,0.057292279373092454,0.3875454182130282,0.0,0.0,0.0,0.4595694123494154,0.013056133812845549,0.018427677428268993,0.0,0.03321808642750152,XD-2609,1
0.0,0.0,0.0,0.0,0.0,0.3461324544932743,0.2609945501856019,0.0,0.0,0.0,0.0,0.0,0.0,0.0,0.0,0.0,0.0,0.0,0.25378354606517484,0.4268289199272669,0.0,0.11301650606468033,0.0,0.0,0.2609945501856019,0.0,0.0,0.36606382702124485,0.0,0.3178076877131255,0.0,0.0,0.0,0.0,0.27672862808235127,0.0,0.0,0.0,0.0,0.0761903485817742,0.2928510616169959,0.0,0.0,0.09991027413392724,0.2612640971164682,0.0,0.0,0.0,0.0,0.056598387436171224,XD-2607,1
0.0,0.07814349709100138,0.0,0.0,0.0,0.06481788643961346,0.2932481175171118,0.0,0.0,0.0,0.0,0.0,0.0,0.0,0.0,0.0,0.2146839849464908,0.0,0.2851459813528907,0.17984107883889167,0.0,0.0,0.0,0.0,0.0,0.0,0.0,0.5552574293977183,0.0,0.15622345912406393,0.0,0.0,0.028511451954670555,0.0,0.4080911682354123,0.0,0.06554593988692978,0.27949708847327537,0.0,0.04280295561476133,0.3290414396430923,0.0,0.0,0.05612856626614925,0.1467754874569767,0.0,0.03749204179829851,0.0,0.0,0.15898196493335223,XD-2573,5
0.0,0.0,0.35741880344111554,0.0,0.0,0.0,0.0,0.0,0.0,0.0,0.0,0.6242303466417638,0.0,0.0,0.0,0.0,0.0,0.0,0.0,0.0,0.0,0.0,0.0,0.0,0.0,0.0,0.0,0.0,0.0,0.0,0.0,0.0,0.0,0.0,0.3897337580021624,0.0,0.0,0.0,0.0,0.21460700385095688,0.41243996174096476,0.0,0.0,0.2814194315280895,0.0,0.0,0.18797895245843407,0.0,0.0,0.0,XD-2567,1
0.0,0.0,0.0,0.0,0.0,0.0,0.0,0.7060820984877628,0.0,0.0,0.0,0.0,0.0,0.0,0.0,0.0,0.0,0.0,0.0,0.0,0.0,0.0,0.0,0.0,0.0,0.0,0.0,0.0,0.0,0.0,0.0,0.0,0.0,0.0,0.0,0.0,0.0,0.0,0.0,0.4662663715532511,0.0,0.0,0.0,0.0,0.5329575414174028,0.0,0.0,0.0,0.0,0.0,XD-2353,3
0.0,0.0,0.0,0.0,0.0,0.0,0.0,0.0,0.0,0.0,0.3676984328672287,0.0,0.0,0.0,0.37281006815903983,0.15077741530277808,0.0,0.0,0.0,0.1407793386805789,0.0,0.0,0.0,0.0,0.0,0.0,0.0,0.0,0.6650993004316565,0.0,0.0,0.0,0.0,0.0,0.0,0.0,0.0,0.0,0.0,0.0,0.0,0.15077741530277808,0.0,0.0,0.0,0.0,0.13206922455657832,0.0,0.0,0.44802307519419954,XD-2344,3
0.0,0.0,0.0,0.0,0.0,0.0,0.0,0.0,0.0,0.0,0.0,0.0,0.0,0.0,0.0,0.0,0.0,0.0,0.0,0.0,0.0,0.0,0.0,0.0,0.0,0.0,0.0,0.0,0.0,0.0,0.0,0.0,0.0,0.0,0.0,0.0,0.0,0.0,0.0,0.0,0.0,0.0,0.0,0.0,0.0,0.0,1.0,0.0,0.0,0.0,XD-2322,3
0.013563132441083123,0.0,0.0,0.0,0.18747210924819283,0.0,0.3766099104817333,0.06166200022602218,0.0,0.16165502460653564,0.0,0.0,0.0,0.0,0.010068107407704238,0.0,0.05105783548120889,0.031302090271865424,0.3662045759092443,0.015207545328598677,0.0,0.0,0.0,0.0,0.0,0.030204322223112715,0.04648890105833792,0.4773568766459477,0.0,0.008492409823410152,0.0,0.03624012344890341,0.032547926261267346,0.0,0.47326088280995404,0.049329600180817744,0.033255789779677185,0.009668683349488024,0.0,0.06515030967572709,0.34432299299051966,0.0,0.23687950336502991,0.09611235016472136,0.0,0.0,0.007133322040651539,0.020136214815408476,0.0,0.07259585768902917,XD-2310,1
0.0,0.0,0.0,0.0,0.0,0.0,0.0,0.0,0.4403385184123043,0.0,0.4811989125760954,0.0,0.0,0.0,0.0,0.0,0.2474201411908782,0.0,0.0,0.0,0.0,0.0,0.19147357635332193,0.0,0.0,0.0,0.0,0.0,0.0,0.0,0.0,0.0,0.0,0.0,0.17916917363994347,0.0,0.0,0.0,0.0,0.3946382241500031,0.18960771450752428,0.0,0.0,0.0,0.0,0.0,0.0,0.24394419905010525,0.0,0.4397385139324756,XD-2239,5
0.0,0.0,0.0,0.0,0.0,0.0,0.0,0.0,0.0,0.0,0.0,0.0,0.0,0.0,0.0,0.0,0.0,0.0,0.0,0.0,0.0,0.0,0.0,0.0,0.0,0.0,0.0,0.0,0.0,0.0,0.0,0.0,0.0,0.0,0.0,0.0,0.0,0.0,0.0,0.0,0.0,0.0,0.0,0.0,0.0,0.0,0.0,0.0,0.0,0.0,XD-2235,1
0.0,0.0,0.0,0.0,0.0,0.0,0.0,0.0,0.0,0.0,0.0,0.0,0.0,0.0,0.4107104613186144,0.3322113166161321,0.0,0.31922821775712085,0.0,0.0,0.0,0.0,0.0,0.0,0.0,0.0,0.0,0.0,0.0,0.0,0.0,0.0,0.0,0.6511572040922744,0.0,0.0,0.0,0.0,0.0,0.0,0.0,0.3322113166161321,0.0,0.0,0.0,0.0,0.29099113342874827,0.0,0.0,0.0,XD-2230,5
0.0,0.0,0.0,0.0,0.0,0.0,0.0,0.0,0.0,0.0,0.0,0.0,0.0,0.0,0.0,0.0,0.0,0.0,0.0,0.24606213476081396,0.0,0.0,0.0,0.0,0.0,0.0,0.0,0.0,0.29062459595627144,0.0,0.0,0.0,0.0,0.0,0.0,0.0,0.0,0.0,0.0,0.0,0.0,0.0,0.0,0.0,0.9036951125587677,0.0,0.0,0.0,0.0,0.19577005286713584,XD-2227,3
0.0,0.0,0.0,0.4402099895782191,0.0,0.0,0.0,0.0,0.0,0.0,0.0,0.0,0.0,0.0,0.0,0.0,0.0,0.0,0.0,0.08311534009721126,0.0,0.0,0.17276201151577217,0.14096631394755224,0.0,0.0,0.0,0.4276962229083553,0.0,0.09282885771055258,0.0,0.0,0.0,0.0,0.32332008864280315,0.0,0.0,0.3170594152523856,0.0,0.0,0.34215697832668424,0.0,0.0,0.0,0.0,0.1247549353955968,0.07797293706785463,0.0,0.0,0.4628930891176114,XD-2190,1
0.0,0.0,0.0,0.0,0.0,0.0,0.0,0.0,0.0,0.0,0.0,0.0,0.0,0.0,0.0,0.0,0.0,0.0,0.0,1.0,0.0,0.0,0.0,0.0,0.0,0.0,0.0,0.0,0.0,0.0,0.0,0.0,0.0,0.0,0.0,0.0,0.0,0.0,0.0,0.0,0.0,0.0,0.0,0.0,0.0,0.0,0.0,0.0,0.0,0.0,XD-2188,3
0.0,0.0,0.0,0.0,0.0,0.0,0.0,0.0,0.0,0.0,0.0,0.0,0.0,0.0,0.0,0.0,0.0,0.0,0.0,0.307040875434283,0.0,0.0,0.0,0.0,0.0,0.0,0.0,0.0,0.0,0.0,0.0,0.0,0.0,0.0,0.0,0.0,0.0,0.0,0.0,0.0,0.0,0.6576935227025612,0.0,0.0,0.37588248290138104,0.0,0.5760880922702166,0.0,0.0,0.0,XD-2187,3
0.0,0.0,0.0,0.0,0.0,0.0,0.0,0.0,0.06255755102594518,0.12365520772832933,0.06836246266996404,0.0,0.18128482933808088,0.0,0.13862563497360275,0.11213009905681862,0.0,0.0,0.0,0.0,0.0,0.0,0.0544041346463705,0.0,0.09602707334443814,0.06931281748680138,0.0,0.7542357205169812,0.0,0.11693018921564503,0.0,0.0,0.1493818305775313,0.10989138259970134,0.050908036674467784,0.08490109996774348,0.17170946787980815,0.0,0.0,0.0,0.05387398003692723,0.39245534669886517,0.0,0.0,0.12816832943181014,0.23571794204682564,0.04910859893090863,0.0,0.0,0.08329641362465456,XD-2175,1
0.0,0.0,0.0,0.0,0.0,0.0,0.0,0.0,0.0,0.0,0.0,0.0,0.0,0.0,0.0,0.0,0.0,0.0,0.0,0.0,0.0,0.0,0.0,0.0,0.0,0.0,0.0,0.0,0.0,0.0,0.0,0.0,0.0,0.0,0.0,0.0,0.0,0.0,0.0,0.0,0.0,0.0,0.0,0.0,0.0,0.6246896618677089,0.7808731179619436,0.0,0.0,0.0,XD-2151,3
0.0,0.0,0.0,0.0,0.0,0.0,0.0,0.0,0.0,0.0,0.0,0.0,0.0,0.0,0.0,0.0,0.0,0.0,0.0,0.3045606627236828,0.0,0.2419263108388216,0.0,0.0,0.0,0.0,0.0,0.31344260864729395,0.0,0.34015403644070447,0.0,0.0,0.0,0.15983895011236687,0.0,0.0,0.0,0.0,0.0,0.0,0.0,0.0,0.0,0.0,0.37284618191876645,0.685711790826349,0.0,0.0,0.0,0.0,XD-2150,3
0.0,0.0,0.0,0.0,0.0,0.0,0.0,0.0,0.0,0.0,0.8765099066796833,0.0,0.0,0.0,0.2962316297291369,0.0,0.0,0.0,0.0,0.0,0.0,0.0,0.0,0.3794432830350174,0.0,0.0,0.0,0.0,0.0,0.0,0.0,0.0,0.0,0.0,0.0,0.0,0.0,0.0,0.0,0.0,0.0,0.0,0.0,0.0,0.0,0.0,0.0,0.0,0.0,0.0,XD-2137,5
0.0,0.0,0.0,0.0,0.0,0.0,0.0,0.0,0.3925239076003652,0.19397188883132654,0.21447371692403094,0.0,0.18958177559022524,0.0,0.0,0.5276790401746725,0.0,0.0,0.0,0.0,0.0,0.0,0.17068222117704862,0.0,0.0,0.0,0.0,0.0,0.0,0.0,0.23065282563094708,0.0,0.0,0.34476249631121025,0.0,0.0,0.0,0.0,0.0,0.35178602678311494,0.0,0.17589301339155747,0.0,0.0,0.0,0.0,0.15406852436682425,0.0,0.0,0.2613260368159665,XD-2136,5
0.0,0.0,0.0,0.0,0.28279662485803486,0.0,0.0,0.0,0.0,0.2303049012546193,0.0,0.0,0.0,0.0,0.0,0.20883965880100175,0.0,0.0,0.0,0.0,0.0,0.0,0.20265282939158996,0.0,0.0,0.0,0.0,0.0,0.0,0.0,0.0,0.0,0.0,0.0,0.18963002973782228,0.0,0.0,0.0,0.0,0.4176793176020035,0.0,0.4176793176020035,0.0,0.0,0.0,0.0,0.5487816276553558,0.0,0.0,0.31027520259132685,XD-2117,8
0.0,0.0,0.0,0.0,0.0,0.0,0.0,0.0,0.0,0.0,0.0,0.0,0.29001827768840627,0.0,0.0,0.0,0.0,0.0,0.0,0.5024698344005036,0.0,0.0,0.0,0.0,0.0,0.0,0.0,0.0,0.0,0.0,0.0,0.0,0.0,0.0,0.0,0.0,0.0,0.0,0.0,0.0,0.0,0.0,0.0,0.0,0.30756427571795975,0.7542000268007605,0.0,0.0,0.0,0.0,XD-2059,3
0.0,0.0,0.0,0.0,0.0,0.0,0.0,0.0,0.0,0.0,0.0,0.0,0.0,0.0,0.0,0.0,0.0,0.0,0.0,0.0,0.0,0.0,0.0,0.0,0.0,0.0,0.0,0.0,0.0,0.0,0.0,0.0,0.0,0.0,0.0,0.0,0.2890341504609127,0.0,0.0,0.5662371735611792,0.0,0.0,0.0,0.0,0.6472274010990726,0.0,0.0,0.0,0.0,0.42063216045771584,XD-2015,2
0.0,0.0,0.0,0.349648831622445,0.0,0.0,0.0,0.0,0.1577859292009615,0.0,0.34485476230911466,0.0,0.0,0.0,0.0,0.0,0.0,0.0,0.0,0.2640665340896659,0.0,0.0,0.0,0.0,0.0,0.0,0.0,0.0,0.0,0.0,0.0,0.0,0.0,0.0,0.0,0.0,0.0,0.0,0.0,0.0,0.0,0.0,0.0,0.0,0.8081821707321044,0.0,0.0,0.0,0.0,0.10504728691683285,XD-1962,3
0.0,0.0,0.0,0.0,0.0,0.0,0.0,0.2005243753978965,0.0,0.0,0.0,0.0,0.0,0.0,0.0,0.13241770769292438,0.0,0.12724271182832714,0.0,0.0,0.0,0.0,0.0,0.0,0.0,0.0,0.37795391868117445,0.0,0.0,0.0,0.0,0.39284205790150134,0.0,0.0,0.0,0.0,0.0,0.0,0.0,0.5296708307716975,0.0,0.0,0.0,0.0,0.0,0.0,0.0,0.0,0.0,0.5902030004787214,XD-1941,3
0.0,0.0,0.0,0.0,0.0,0.03522618968356308,0.0,0.0,0.0,0.46175039239869897,0.0,0.0,0.0,0.0,0.0,0.0,0.0,0.0,0.0,0.0,0.0,0.0,0.02257273895569399,0.0,0.0,0.0,0.0,0.8717581583737097,0.0256527995777055,0.12128832920333688,0.0,0.0,0.06197979415109171,0.0,0.0,0.0,0.04749581405734342,0.0,0.0,0.04652373338052044,0.0,0.0,0.033831055946524954,0.0,0.0,0.0,0.0,0.0,0.0,0.01728019582442046,XD-1935,4
0.0,0.0,0.0,0.0,0.0,0.0,0.0,0.0,0.0,0.0,0.0,0.5519448377899154,0.0,0.0,0.0,0.0,0.0,0.1823398277622004,0.0,0.0,0.0,0.2814729116750932,0.0,0.0,0.0,0.0,0.5416110003011722,0.1823398277622004,0.0,0.1978787398589077,0.0,0.0,0.0,0.0,0.0,0.0,0.0,0.22528668741556698,0.0,0.18975563838948298,0.0,0.0,0.0,0.0,0.0,0.0,0.3324221995318387,0.0,0.0,0.14096093979986185,XD-1857,3
0.0,0.0,0.0,0.0,0.0,0.0,0.0,0.0,0.0,0.0,0.0,0.0,0.0,0.0,0.0,0.0,0.0,0.0,0.0,0.2131188867631266,0.0,0.0,0.0,0.0,0.0,0.0,0.0,0.0,0.0,0.0,0.0,0.0,0.3040849201878312,0.0,0.0,0.0,0.0,0.0,0.0,0.0,0.0,0.0,0.0,0.2993157033958673,0.7827067604246198,0.0,0.39986615048718466,0.0,0.0,0.0,XD-1838,3
0.0,0.0,0.0,0.0,0.0,0.0,0.0,0.0,0.0,0.0,0.204396521042,0.0,0.0,0.0,0.0,0.33525711708127715,0.0,0.0,0.0,0.0,0.0,0.0,0.08133129950059857,0.0,0.0,0.0,0.0,0.0,0.0,0.0,0.7693540509889204,0.0,0.0,0.4107044900560438,0.0,0.0,0.0,0.0,0.0,0.0,0.0,0.08381427927031929,0.0,0.0,0.19160486340361935,0.0,0.0,0.0,0.0,0.18678558921673277,XD-1794,5
0.0,0.0,0.0,0.0,0.2541452385188215,0.0,0.0,0.0,0.0,0.029567383623070164,0.03269250355587833,0.0,0.0,0.33138517791921324,0.0,0.10724638987432664,0.13447717580865592,0.02576377759282217,0.0,0.0,0.30454069937350803,0.0,0.0,0.0,0.0,0.03314698510928281,0.0,0.6956219950061986,0.0,0.055918708563458076,0.0,0.0,0.0,0.07882888377819346,0.2677993471126759,0.0,0.1642308416049798,0.15915985499251287,0.0,0.0,0.10305511037128869,0.10724638987432664,0.0,0.0,0.0,0.0,0.0,0.23202889576497965,0.0,0.07966852545270847,XD-1770,1
0.0,0.0,0.0,0.28824968219129865,0.0,0.0,0.0,0.0,0.0,0.20569687178436935,0.0,0.0,0.0,0.0,0.0,0.0466312964746549,0.0,0.0,0.0,0.0,0.0,0.0,0.27149912683370736,0.0,0.0,0.0,0.0,0.0,0.0,0.0,0.0,0.0,0.0,0.0,0.0,0.0,0.09521124921330582,0.7197168696740871,0.0,0.0,0.0,0.0,0.0,0.0,0.0,0.0,0.0408453690037629,0.0,0.0,0.5196044315949285,XD-1759,5
0.0,0.0,0.025839311066480197,0.0,0.4201831839272608,0.0,0.0,0.0,0.0,0.01710951230973821,0.07567159802249415,0.0,0.016722277350114327,0.38351981718461103,0.0,0.0,0.17508777846119633,0.014908511199002628,0.0,0.014486052392771542,0.32727692613319276,0.0,0.0,0.049137629878473886,0.0,0.0,0.0,0.5516149143630972,0.0,0.06471602930498353,0.020344996293974592,0.023013853349673496,0.0,0.0,0.408544681429685,0.0,0.06335606472997983,0.07367976911114427,0.0,0.0,0.13417660079102364,0.0,0.0,0.0,0.0,0.0,0.0,0.07672356228577183,0.0,0.13830337181422916,XD-1739,2
0.0,0.0,0.0,0.6270678912564014,0.0,0.0,0.0,0.0,0.0,0.0,0.6184701020949229,0.0,0.0,0.0,0.0,0.0,0.0,0.0,0.0,0.4735827198810634,0.0,0.0,0.0,0.0,0.0,0.0,0.0,0.0,0.0,0.0,0.0,0.0,0.0,0.0,0.0,0.0,0.0,0.0,0.0,0.0,0.0,0.0,0.0,0.0,0.0,0.0,0.0,0.0,0.0,0.0,XD-1735,5
0.0,0.0,0.0,0.0,0.42293157267291315,0.0,0.0,0.0,0.0,0.019134916033502668,0.0,0.0,0.0,0.42892043713220906,0.0,0.052054419778124854,0.0652714871644944,0.0,0.0,0.016200894050898,0.36601957951175046,0.0,0.0,0.0,0.0,0.021451501590928734,0.0,0.5835677059905341,0.0,0.018094258976448663,0.022753412764754802,0.0,0.0,0.0,0.3308642074512183,0.0,0.1062841205121299,0.06180141942914243,0.0,0.0,0.05002008908490292,0.0347029465187499,0.0,0.0,0.0,0.0,0.015198533637667627,0.15016051113650114,0.0,0.05155852017494992,XD-1730,2
0.0,0.0,0.0,0.0,0.0,0.0,0.0,0.0,0.0,0.0,0.0,0.0,0.0,0.0,0.0,0.8750389196325445,0.13715235866299696,0.0,0.0,0.0,0.0,0.0,0.0,0.0,0.0,0.0,0.0,0.0,0.36186688594660843,0.0,0.0,0.0,0.0,0.0,0.09931881311740305,0.0,0.0,0.0,0.0,0.0,0.10510520744285248,0.21875972990813614,0.0,0.0,0.0,0.0,0.09580820786440994,0.0,0.0,0.08125338825221412,XD-1719,1
0.0,0.0,0.0,0.0,0.0,0.0,0.0,0.0,0.0,0.0,0.7071355343768978,0.0,0.0,0.0,0.102423703465374,0.49708468498739994,0.0,0.0,0.0,0.0,0.0,0.0,0.0,0.0,0.0,0.0,0.0,0.0,0.27408836029629047,0.0,0.0,0.0,0.0,0.32477347748661495,0.0,0.0,0.0,0.0,0.0,0.0,0.0,0.24854234249369997,0.0,0.0,0.0,0.0,0.0,0.0,0.0,0.0,XD-1708,4
0.0,0.0,0.0,0.3260981039110054,0.0,0.0,0.0,0.0,0.0,0.0,0.0,0.0,0.0,0.0,0.0,0.0,0.0,0.0,0.0,0.0,0.0,0.7825261202613588,0.0,0.27846617921393796,0.0,0.0,0.0,0.0,0.0,0.0,0.0,0.0,0.0,0.34467286909086975,0.1596723841785545,0.0,0.0,0.0,0.0,0.1758472868347647,0.1689750263340705,0.0,0.0,0.0,0.0,0.0,0.0,0.0,0.0,0.0,XD-1701,3
0.0,0.0,0.0,0.0,0.3373660048628354,0.0,0.0,0.04921013956958017,0.10877830151626418,0.0,0.0,0.25205958027175385,0.0,0.0,0.0,0.0,0.02716490113782823,0.01040876218640754,0.0,0.0,0.0,0.0,0.05255595550052331,0.017153352772172347,0.0,0.1473079762280449,0.0,0.6037082068116374,0.0,0.033887375625200895,0.0,0.0,0.12987642211948844,0.010615822954158846,0.4426076206755267,0.0656135194261069,0.03317525482784894,0.012860358495733347,0.21753242664350037,0.0,0.22899276810096592,0.0,0.04726117130095385,0.028408769364105434,0.0,0.0,0.0,0.04017490260764861,0.3066865018341401,0.01609334524394492,XD-1674,3
0.0,0.0,0.018028623795010284,0.01338290557654988,0.36646316384578526,0.0,0.0,0.0,0.0,0.02387532391670579,0.052797644999311055,0.0,0.0,0.38227105558896307,0.0,0.021650058133221017,0.09501518298575479,0.010401977787216946,0.0,0.0,0.3337392474303968,0.0,0.0,0.0,0.0,0.02676581115309976,0.0,0.6449226228074507,0.0,0.04515371725061016,0.0,0.0,0.0,0.02121780718679291,0.31453804827676457,0.0,0.14366573562792495,0.08996383307524163,0.0,0.0,0.07281384451051863,0.03247508719983153,0.0,0.0,0.0,0.0,0.0,0.18736067807169832,0.0,0.08041427825497545,XD-1670,2
0.0,0.0,0.0,0.0,0.0,0.0,0.0,0.0,0.0,0.0,0.0,0.0,0.0,0.0,0.0,0.0,0.0,0.0,0.0,0.4402741700264429,0.0,0.0,0.0,0.0,0.0,0.0,0.0,0.0,0.0,0.0,0.0,0.0,0.0,0.0,0.0,0.0,0.0,0.0,0.0,0.4715422163744031,0.0,0.0,0.0,0.0,0.5389880026651528,0.0,0.4130341055203792,0.0,0.0,0.3502875305292095,XD-1649,5
0.0,0.0,0.0,0.0,0.0,0.1600660610735234,0.0,0.0,0.033697496387589704,0.03330430017955674,0.0,0.10980474462655354,0.0,0.0,0.0,0.0,0.0,0.0,0.0,0.01409881908296869,0.22051961759893712,0.0,0.0,0.0,0.12931580217202582,0.2613542034493197,0.0,0.5658894130153349,0.11656505062844857,0.04723955658518578,0.0,0.0,0.12069990625520595,0.0,0.4250460093777987,0.2057992213802444,0.04624684853148279,0.0,0.0,0.0,0.4498095334224457,0.0,0.17568759140248566,0.11880686920705105,0.0,0.0,0.0,0.056004472167711365,0.0,0.0,XD-1644,4
0.0,0.0,0.0,0.014644477703164148,0.11228243734939015,0.08968992392269197,0.22317560070856549,0.05381395435361518,0.0,0.013062994682062066,0.10110580086374668,0.017227550645274575,0.025534686920582687,0.14640736806672444,0.0,0.07107286047651384,0.20794404036371653,0.034147636528340165,0.2170094942701597,0.03318000337095684,0.1345473643222043,0.0,0.0,0.0,0.0,0.014644477703164148,0.0,0.6032749120006763,0.195944920230931,0.024705121085596502,0.0,0.0,0.0,0.011608977679760688,0.4087241311328404,0.0,0.09674383718968431,0.09844449249272838,0.0,0.0,0.35285891079284837,0.0,0.0,0.1708659083566315,0.0,0.0,0.0,0.13180029932847734,0.0,0.1319920885100444,XD-1641,2
0.0,0.0,0.04018350114794703,0.0,0.22870389204986594,0.0,0.08265054980591757,0.0,0.053843315293598724,0.026607524704134168,0.0,0.0,0.052010647603240555,0.29821168556793,0.11931515299509352,0.09651043204863886,0.12101526543860866,0.02318468071141607,0.08036700229589407,0.0,0.2740544880566446,0.0,0.0,0.0,0.0,0.02982878824877338,0.0,0.6723557406310661,0.0,0.10064187203663008,0.06327824916310895,0.0,0.0,0.023645891920030644,0.28480772121786024,0.0,0.17242216184474907,0.1145816573453033,0.0,0.09651043204863886,0.1391080842684964,0.1447656480729583,0.0,0.0,0.0,0.0,0.0,0.20880151774141364,0.0,0.1971564777901077,XD-1586,3
0.0,0.0,0.0,0.0,0.0,0.0,0.0,0.0,0.0,0.0,0.0,0.0,0.30303483288439786,0.0,0.34758889876033544,0.0,0.0,0.0,0.0,0.0,0.0,0.0,0.0,0.0,0.0,0.0,0.0,0.0,0.0,0.0,0.0,0.0,0.0,0.2755408454457532,0.0,0.0,0.0,0.0,0.0,0.0,0.0,0.8434625599327702,0.0,0.0,0.0,0.0,0.0,0.0,0.0,0.0,XD-1585,8
0.8301481597092648,0.0433333129899079,0.3755432151065722,0.014672163452350541,0.20891874730767182,0.0,0.0,0.0,0.0,0.0,0.10129694389395515,0.0,0.0,0.14668415483601013,0.0,0.01186787091437438,0.014881225981563866,0.022808128989446553,0.0,0.0,0.11554433953675673,0.0,0.0,0.11276150101885012,0.0,0.0,0.0,0.1482528384314026,0.0,0.0,0.0,0.10562481968930784,0.0,0.06978554844410845,0.1508672547289814,0.0,0.024231683454780134,0.05636034528759796,0.0,0.0,0.011404064494723276,0.0,0.0,0.0,0.0,0.01663228774399621,0.010395326817690285,0.0,0.0,0.01763221637799172,XD-1580,4
0.0,0.0,0.0,0.0,0.17162079782541878,0.0,0.0,0.0,0.0,0.0,0.30907519677401024,0.0,0.0,0.0,0.0,0.0,0.0,0.0,0.0,0.23666895431195042,0.0,0.0,0.0,0.0,0.0,0.0,0.0,0.12178548234357472,0.0,0.13216398235652807,0.0,0.0,0.0,0.4968326092163088,0.2301615658362288,0.0,0.12938664363493793,0.0,0.0,0.0,0.12178548234357472,0.0,0.0,0.0,0.14486623979075025,0.0,0.0,0.0,0.0,0.6590385314645987,XD-1547,3
0.0,0.0,0.0,0.0,0.0,0.0,0.0,0.0,0.0,0.0,0.23107362238099108,0.0,0.0,0.0,0.0,0.09475341859788819,0.0,0.0,0.0,0.0,0.0,0.0,0.0,0.0,0.0,0.0,0.0,0.0,0.9404324425307677,0.0,0.0,0.0,0.0,0.09286163361448488,0.0,0.0,0.0,0.0,0.0,0.0,0.0,0.0,0.0,0.0,0.0,0.0,0.0,0.0,0.0,0.21116417485407854,XD-1508,3
0.0,0.0,0.0,0.18136865325683987,0.0,0.0,0.0,0.0,0.0,0.0,0.0,0.0,0.0,0.0,0.0,0.4401109158352382,0.0,0.14097033650008503,0.0,0.0,0.0,0.0,0.0,0.0,0.0,0.0,0.0,0.0,0.8089116597428924,0.0,0.0,0.0,0.0,0.2875492988066055,0.0,0.0,0.0,0.0,0.0,0.0,0.0,0.0,0.0,0.0,0.0,0.0,0.12850091475685893,0.0,0.0,0.0,XD-1507,3
0.07505392515776581,0.0,0.0,0.0,0.0,0.0,0.0,0.0,0.0,0.0,0.0,0.0,0.0,0.0,0.0,0.0,0.056507462115707965,0.0,0.0,0.12623034987131934,0.0,0.0,0.0,0.0,0.0,0.16714080979611154,0.0,0.7361658666015402,0.0,0.0939884195725512,0.0,0.0,0.18010954565732742,0.0,0.49103821102184725,0.2729738234228981,0.04600665753336404,0.0,0.0,0.0,0.04330387450597295,0.04506505491677554,0.19662201848500033,0.0,0.051510815142588345,0.0,0.0,0.0,0.0,0.033476804943010016,XD-1502,1
0.0,0.0,0.0,0.28498700537097527,0.0,0.0,0.0,0.0,0.0,0.0,0.5621590413579133,0.0,0.08281909065069123,0.0,0.0,0.6147130704118051,0.0,0.0,0.0,0.0,0.0,0.0,0.0,0.0,0.0,0.0,0.0,0.0,0.0,0.0,0.0,0.0,0.0,0.22591504124852893,0.0,0.0,0.0,0.0,0.0,0.0,0.0,0.3841956690073782,0.0,0.0,0.0,0.10768659286963092,0.06730507215806528,0.0,0.0,0.057080340831988964,XD-1500,5
0.0,0.0,0.0,0.0,0.297728849801519,0.0,0.0,0.057904582526348156,0.0,0.0,0.0,0.2224450828893519,0.0,0.0,0.0,0.0,0.0,0.009185836002879522,0.0,0.0,0.0,0.0,0.08348607482829946,0.0,0.0,0.1300007519927706,0.0,0.633822684198687,0.0,0.049843242562752826,0.0,0.0,0.1146172323725779,0.0,0.4513664953208325,0.057904582526348156,0.029277491861646198,0.0,0.2617834457865378,0.0,0.211274228066229,0.0,0.04170845304175349,0.025071021102113112,0.0,0.0,0.0,0.04727300072464386,0.3024955170640489,0.0,XD-1496,5
0.0,0.0,0.0,0.0,0.0,0.0,0.1811477101490005,0.0,0.0,0.0,0.0,0.0,0.11399330964909157,0.0,0.0,0.0,0.0,0.0,0.17614278999506836,0.0,0.0,0.4706461786600218,0.102629228097773,0.0,0.0,0.0,0.30187291806635175,0.10162913208129735,0.0,0.11028991765544777,0.0,0.1568820595533406,0.0,0.0,0.28810232210295633,0.0,0.0,0.0,0.0,0.5288120832878576,0.30488739624389205,0.10576241665757152,0.0,0.0,0.0,0.1482212739791902,0.0926396060520468,0.0,0.0,0.23569844523337433,XD-1356,3
0.0,0.0,0.0,0.0,0.0,0.0,0.0,0.0,0.0,0.0,0.0,0.0,0.0,0.0,0.0,0.0,0.0,0.0,0.0,0.0,0.0,0.0,0.0,0.0,0.0,0.0,0.0,0.0,1.0,0.0,0.0,0.0,0.0,0.0,0.0,0.0,0.0,0.0,0.0,0.0,0.0,0.0,0.0,0.0,0.0,0.0,0.0,0.0,0.0,0.0,XD-1197,5
0.0,0.0,0.0,0.0,0.0,0.0,0.0,0.0,0.0,0.0,0.0,0.0,0.0,0.0,0.0,1.0,0.0,0.0,0.0,0.0,0.0,0.0,0.0,0.0,0.0,0.0,0.0,0.0,0.0,0.0,0.0,0.0,0.0,0.0,0.0,0.0,0.0,0.0,0.0,0.0,0.0,0.0,0.0,0.0,0.0,0.0,0.0,0.0,0.0,0.0,XD-1161,3
0.0,0.0,0.0,0.0,0.39160930584324133,0.0,0.0,0.0,0.0,0.0,0.020742845100715793,0.14844482987887225,0.0,0.0,0.0,0.0,0.0,0.01634668470414868,0.0,0.0,0.0,0.555146277806433,0.0,0.0,0.0,0.08412482409031753,0.02427759300553975,0.5394405952369065,0.0,0.05321922384965164,0.0,0.0,0.0679891577521939,0.0,0.4016153664573006,0.10304429049101814,0.08683476173545587,0.0,0.0,0.0,0.14712016233733813,0.0,0.07422241493943613,0.0,0.0,0.0,0.0,0.021031206022579383,0.0,0.05054834298766408,XD-1155,3
0.0,0.0,0.0,0.0,0.0,0.0,0.0,0.0,0.0,0.0,0.0,0.0,0.0,0.0,0.0,0.0,0.0,0.0,0.0,0.0,0.0,0.0,0.0,0.0,0.0,0.0,0.0,0.0,0.0,0.0,0.0,0.0,0.0,0.0,0.0,0.0,0.0,0.0,0.0,0.0,0.0,1.0,0.0,0.0,0.0,0.0,0.0,0.0,0.0,0.0,XD-1136,3
0.0,0.0,0.0,0.0,0.0,0.6752410695860475,0.0,0.0,0.0,0.0,0.0,0.0,0.0,0.0,0.0,0.0,0.0,0.0,0.0,0.0,0.0,0.0,0.0,0.0,0.0,0.0,0.0,0.0,0.7375971108567946,0.0,0.0,0.0,0.0,0.0,0.0,0.0,0.0,0.0,0.0,0.0,0.0,0.0,0.0,0.0,0.0,0.0,0.0,0.0,0.0,0.0,XD-1071,6
0.0,0.0,0.0,0.0,0.0,0.6085778873730893,0.0,0.0,0.0,0.0,0.0,0.0,0.21657736372727893,0.0,0.0,0.0,0.0,0.0,0.0,0.3752301163717096,0.0,0.0,0.0,0.0,0.0,0.0,0.0,0.0,0.6647778277658805,0.0,0.0,0.0,0.0,0.0,0.0,0.0,0.0,0.0,0.0,0.0,0.0,0.0,0.0,0.0,0.0,0.0,0.0,0.0,0.0,0.0,XD-1070,4
0.0,0.0,0.0,0.0,0.0,0.0,0.0,0.0,0.19524186855110806,0.0,0.0,0.0,0.5657892331056268,0.0,0.32448754256026807,0.0,0.0,0.0,0.0,0.0,0.0,0.0,0.2546926325694421,0.0,0.0,0.0,0.0,0.0,0.0,0.0,0.3441809871257161,0.0,0.0,0.0,0.0,0.0,0.0,0.0,0.0,0.0,0.0,0.5249363914100728,0.0,0.0,0.10000321191027038,0.0,0.0,0.0,0.0,0.2599677764389885,XD-1066,5
0.0,0.0,0.0,0.16872874158661133,0.0,0.8267016852751239,0.0,0.0,0.0,0.0,0.0,0.0,0.0,0.0,0.0,0.0,0.0,0.0,0.0,0.0,0.0,0.0,0.0,0.0,0.0,0.0,0.0,0.0,0.45152228001563355,0.0,0.0,0.0,0.0,0.0,0.12392583761818161,0.0,0.0,0.0,0.0,0.0,0.13114585707937634,0.0,0.0,0.0,0.0,0.0,0.0,0.0,0.22730093910254856,0.0,XD-1059,2
0.0,0.0,0.0,0.8307077653001973,0.0,0.3391773007407702,0.0,0.0,0.0,0.0,0.0,0.0,0.0,0.0,0.0,0.0,0.0,0.21522490445977166,0.0,0.0,0.0,0.0,0.0,0.0,0.0,0.0,0.0,0.0,0.0,0.0,0.0,0.0,0.0,0.0,0.0,0.0,0.0,0.265917251157596,0.0,0.22397816014360492,0.0,0.0,0.0,0.0,0.0,0.0,0.0,0.0,0.0,0.16638331391072048,XD-1017,5
0.0,0.0,0.0,0.0,0.0,0.0,0.0,0.0,0.39805887116517585,0.0,0.0,0.0,0.7690202418117835,0.0,0.0,0.0,0.0,0.0,0.0,0.0,0.0,0.0,0.0,0.0,0.0,0.0,0.0,0.34280459076443615,0.0,0.0,0.0,0.0,0.0,0.0,0.0,0.0,0.364200515267729,0.0,0.0,0.0,0.0,0.0,0.0,0.0,0.0,0.0,0.0,0.0,0.0,0.0,XD-959,3
0.0,0.0,0.0,0.0,0.0,0.0,0.0,0.0,0.0,0.0,0.0,0.0,0.0,0.0,0.0,0.48479057801503295,0.0,0.0,0.0,0.0,0.0,0.0,0.0,0.0,0.0,0.0,0.0,0.0,0.0,0.0,0.0,0.0,0.0,0.7126673480737563,0.0,0.0,0.0,0.0,0.0,0.0,0.0,0.0,0.0,0.0,0.27706565423162355,0.0,0.4246386342557307,0.0,0.0,0.0,XD-891,3
0.0,0.0,0.0,0.0,0.0,0.0,0.0,0.0,0.0,0.0,0.0,0.0,0.3534255228836042,0.0,0.1351294471371563,0.32790641418957783,0.0,0.0,0.0,0.0,0.0,0.0,0.0,0.0,0.0,0.0,0.0,0.0,0.8437560557539617,0.0,0.143330576386551,0.0,0.0,0.0,0.0,0.0,0.0,0.12976856350983876,0.0,0.0,0.0,0.0,0.0,0.0,0.0,0.0,0.0,0.0,0.0,0.0,XD-662,2
0.0,0.0,0.0,0.0,0.0,0.0,0.0,0.0,0.4360852388151302,0.0,0.0,0.0,0.42124218312547385,0.0,0.0,0.26055091257902574,0.0,0.0,0.0,0.36491060440158046,0.0,0.0,0.2528321485384801,0.0,0.0,0.0,0.0,0.2503683628384705,0.0,0.27170463385336513,0.0,0.0,0.0,0.2553489229186758,0.0,0.0,0.0,0.0,0.0,0.0,0.0,0.13027545628951287,0.0,0.0,0.14890905955708522,0.0,0.34233333532797405,0.0,0.0,0.09677578441033217,XD-641,4
0.0,0.0,0.0,0.0,0.0,0.0,0.0,0.0,0.0,0.0,0.7116967297447676,0.0,0.0,0.0,0.0,0.0,0.0,0.37390827181207875,0.0,0.0,0.0,0.0,0.0,0.0,0.0,0.0,0.0,0.0,0.0,0.0,0.0,0.28859589059062823,0.0,0.0,0.0,0.0,0.0,0.2309878126672365,0.0,0.0,0.0,0.0,0.0,0.0,0.0,0.0,0.17041725286290776,0.0,0.0,0.4335843302071416,XD-640,3
0.0,0.0,0.0,0.0,0.0,0.0,0.0,0.0,0.34157451611192047,0.0,0.0,0.0,0.0,0.0,0.0,0.0,0.0,0.0,0.0,0.28582522871272587,0.0,0.0,0.0,0.0,0.0,0.0,0.0,0.29416079050960015,0.0,0.0,0.0,0.0,0.0,0.0,0.4169493780073971,0.0,0.4687809660144433,0.0,0.0,0.0,0.0,0.0,0.0,0.0,0.5248651168631921,0.21450978784892336,0.0,0.0,0.0,0.0,XD-630,2
0.0,0.0,0.0,0.0,0.0,0.0,0.0,0.0,0.6259825397242798,0.0,0.0,0.0,0.3023379699211403,0.0,0.0,0.0,0.0,0.0,0.0,0.26190713028521095,0.0,0.0,0.2721976629432972,0.0,0.0,0.0,0.0,0.0,0.0,0.0,0.36783655412409166,0.0,0.0,0.2749072080245097,0.0,0.0,0.0,0.0,0.0,0.0,0.0,0.0,0.0,0.0,0.3206293047527849,0.0,0.24570275671694397,0.0,0.0,0.0,XD-629,2
0.0,0.0,0.0,0.0,0.0,0.0,0.0,0.0,0.0,0.0,0.0,0.0,0.5864468859243667,0.0,0.0,0.0,0.0,0.0,0.0,0.0,0.0,0.0,0.0,0.0,0.0,0.0,0.0,0.0,0.6000271376710538,0.0,0.0,0.0,0.0,0.0,0.0,0.0,0.0,0.0,0.0,0.0,0.0,0.5441024573073483,0.0,0.0,0.0,0.0,0.0,0.0,0.0,0.0,XD-628,3
0.0,0.0,0.0,0.0,0.0,0.0,0.0,0.0,0.0,0.0,0.0,0.0,0.09356287019505158,0.0,0.10731906529161452,0.08680715817190227,0.21769649280711506,0.2502439833239973,0.0,0.1621019208432557,0.0,0.0,0.16847103003306468,0.0,0.0,0.21463813058322903,0.0,0.3336586444319964,0.0,0.18104643651780875,0.11383235713160422,0.0,0.0,0.0,0.3152896165431718,0.0,0.0,0.10306148093668938,0.0,0.17361431634380453,0.3336586444319964,0.4340357908595113,0.0,0.0,0.0,0.12165633106144895,0.0,0.0,0.0,0.3869108301957511,XD-603,2
0.0,0.0,0.0,0.0,0.0,0.0,0.0,0.0,0.0,0.0,0.0,0.0,0.0,0.0,0.0,0.5576133015579422,0.0,0.0,0.0,0.0,0.0,0.0,0.0,0.0,0.0,0.0,0.0,0.0,0.6149266719303227,0.0,0.0,0.0,0.0,0.0,0.0,0.0,0.0,0.0,0.0,0.0,0.0,0.5576133015579422,0.0,0.0,0.0,0.0,0.0,0.0,0.0,0.0,XD-600,5
0.0,0.0,0.0,0.0,0.0,0.0,0.0,0.0,0.46527311851781267,0.0,0.0,0.0,0.0,0.0,0.0,0.0,0.0,0.10017221857178987,0.0,0.0,0.0,0.0,0.3034739328672113,0.0,0.0,0.0,0.0,0.0,0.0,0.0,0.6835033318882368,0.0,0.0,0.20432987481875542,0.0,0.0,0.10642440212951286,0.0,0.0,0.0,0.0,0.0,0.0,0.0,0.3574705052705645,0.0,0.18262312539335177,0.0,0.0,0.0,XD-592,8
0.0,0.0,0.0,0.0,0.0,0.0,0.0,0.0,0.45269434127890706,0.0,0.0,0.0,0.0,0.0,0.0,0.20285585232153897,0.5087254153435833,0.0,0.0,0.0,0.0,0.0,0.0,0.0,0.0,0.0,0.0,0.0,0.0,0.0,0.0,0.0,0.0,0.0,0.18419662974492562,0.0,0.0,0.0,0.0,0.608567556964617,0.0,0.0,0.0,0.0,0.0,0.0,0.0,0.0,0.0,0.3013850005179183,XD-585,1
0.0,0.0,0.0,0.0,0.0,0.0,0.0,0.0,0.0,0.1298857535899491,0.14361400776036704,0.0,0.25389216899227557,0.0,0.5824419495534615,0.0,0.0,0.113176996335805,0.0,0.21993985538766136,0.0,0.0,0.22858146152574862,0.0,0.0,0.14561048738836538,0.0,0.0,0.0,0.0,0.0,0.0,0.0,0.0,0.10694622294881571,0.0,0.0,0.0,0.0,0.23555987141452028,0.113176996335805,0.47111974282904057,0.0,0.0,0.0,0.0,0.0,0.0,0.0,0.3499736939101751,XD-584,0
0.0,0.0,0.0,0.0,0.0,0.0,0.0,0.0,0.0,0.0,0.0,0.0,0.0,0.0,0.0,0.0,0.0,0.0,0.0,1.0,0.0,0.0,0.0,0.0,0.0,0.0,0.0,0.0,0.0,0.0,0.0,0.0,0.0,0.0,0.0,0.0,0.0,0.0,0.0,0.0,0.0,0.0,0.0,0.0,0.0,0.0,0.0,0.0,0.0,0.0,XD-521,1
0.0,0.05171605957513218,0.0,0.0,0.0,0.0,0.0,0.0,0.0,0.0,0.0,0.0,0.1221277430913754,0.0,0.0700418617311402,0.1133095029001277,0.0,0.5171860411391652,0.0,0.18514287761085935,0.0,0.0,0.38483456743917815,0.0,0.0,0.2101255851934206,0.0,0.0,0.0,0.0,0.07429276612759106,0.0,0.0,0.0,0.1543304887196024,0.0,0.028919256310843584,0.4035788782520177,0.0,0.16996425435019155,0.16332190772815744,0.36825588442541507,0.0,0.0,0.0,0.07939908809091746,0.0,0.0,0.28306820992569404,0.0,XD-446,1
0.0,0.0,0.0,0.0,0.0,0.0,0.0,0.0,0.0,0.4076153675446427,0.0,0.0,0.39838991929481826,0.0,0.0,0.0,0.0,0.0,0.0,0.0,0.0,0.0,0.35867411890244305,0.0,0.0,0.0,0.0,0.0,0.0,0.0,0.0,0.0,0.0,0.0,0.0,0.0,0.0,0.0,0.0,0.0,0.0,0.7392483079285809,0.0,0.0,0.0,0.0,0.0,0.0,0.0,0.0,XD-299,5
