0.0,0.0,0.0,0.3485166221638706,0.0,0.0,0.0,0.1576007271655232,0.0,0.3485166221638706,0.0,0.0,0.0,0.0,0.0,0.0,0.0,0.0,0.0,0.2643777115031011,0.0,0.0,0.0,0.0,0.0,0.0,0.0,0.0,0.0,0.0,0.0,0.0,0.0,0.0,0.0,0.0,0.0,0.0,0.0,0.0,0.0,0.0,0.0,0.0,0.8068879958064521,0.0,0.0,0.0,0.0,0.1061627374915503,18,nan,2.4,2.0
0.0,0.0,0.0,0.0,0.0,0.0,0.0,0.0304842687275621,0.0,0.0,0.0,0.4618120611718025,0.0,0.5719201763506331,0.4284668967108397,0.0,0.0,0.0,0.0,0.0,0.0,0.0,0.0134120534906552,0.0,0.0,0.0,0.0,0.0,0.524350909833867,0.0,0.0,0.0,0.0,0.0,0.0,0.0,0.0,0.0,0.0,0.0,0.0,0.0,0.0,0.0,0.0,0.0,0.0,0.0,0.0,0.0,XD-3707,1.0,2.6,3.0
0.0,0.0,0.0,0.0,0.0,0.0,0.0,0.0,0.2353397554847572,0.0,0.0,0.0,0.0,0.0,0.0,0.0,0.0,0.2070831626139977,0.0,0.0,0.0,0.0,0.2070831626139977,0.0,0.0,0.0,0.0,0.4101303785518276,0.0,0.0,0.0,0.3231663991166971,0.0,0.0,0.1937756625584243,0.0,0.0,0.0,0.0,0.4268104931332815,0.2050651892759138,0.4268104931332815,0.0,0.0,0.0,0.0,0.3771866179131401,0.0,0.0,0.0,XD-3706,1.0,2.85,3.0
0.0,0.0,0.0,0.0,0.0,0.0,0.0,0.0,0.0,0.0,0.0,0.2347428817496582,0.0,0.0,0.0,0.0,0.0,0.0,0.0,0.0,0.0,0.0,0.0,0.0,0.0,0.0,0.0,0.0,0.9720574980256396,0.0,0.0,0.0,0.0,0.0,0.0,0.0,0.0,0.0,0.0,0.0,0.0,0.0,0.0,0.0,0.0,0.0,0.0,0.0,0.0,0.0,XD-3698,1.0,2.55,3.0
0.0,0.0,0.0,0.0,0.0,0.0,0.0,0.0,0.0,0.0,0.0,0.0,0.0,0.9339006724487976,0.0,0.0,0.0,0.0,0.0,0.0,0.0,0.0,0.0,0.0,0.0,0.0,0.0,0.0,0.3324162992317615,0.0,0.0,0.0,0.0,0.0,0.0,0.0,0.0,0.0,0.0,0.0,0.0,0.0,0.0,0.0,0.0,0.0,0.1316394242039348,0.0,0.0,0.0,XD-3691,2.0,2.85,3.0
0.3530771215978203,0.0,0.0,0.1148891571010149,0.1594868256088422,0.0,0.1070128484765153,0.1558601244623595,0.0,0.0,0.0342582010366686,0.0,0.0,0.0,0.0,0.0,0.0,0.0457154769460773,0.0,0.0,0.0,0.0349410119792156,0.0,0.0,0.0,0.0,0.8068031699523345,0.2037149600432343,0.0,0.0245639389548901,0.1544449659133135,0.0,0.0,0.0230852719212599,0.1924997679753794,0.0,0.0480954880317248,0.0283375233252935,0.0,0.1648889691104911,0.0679049866810781,0.0,0.0,0.0617779863653254,0.0531984277464632,0.0,0.0208168374457831,0.0,0.0,0.0,XD-3686,1.0,2.2,2.0
0.0,0.5775605448193882,0.0,0.0,0.0,0.0,0.0495590299275495,0.0,0.0,0.0,0.0,0.0058789320004819,0.0,0.0136787475126443,0.0,0.041036242537933,0.1343626110722691,0.0052928567045387,0.0,0.0050451870409386,0.0,0.0,0.0317571402272324,0.0,0.0,0.0202298674428026,0.4436986289943048,0.330200586267988,0.0304304218346103,0.0170638152773458,0.0,0.0,0.0581320981317219,0.0,0.2724001029302931,0.0247795149637747,0.016705230479409,0.1706051415794965,0.3286120341213761,0.1418155284631459,0.1362732578248839,0.0,0.0158654146171323,0.0143050910181818,0.0,0.0,0.0096405458284656,0.0269731565904034,0.2816084218122985,0.0243111659168737,XD-3685,3.0,2.6,3.0
0.0,0.0,0.0,0.0,0.0,0.0,0.0,0.0,0.0,0.0,0.0,0.3864604470869874,0.0,0.0,0.0,0.0,0.0,0.0,0.0,0.3316529667835574,0.0,0.0,0.0,0.0,0.0,0.0,0.0,0.0,0.8001558396174753,0.0,0.0,0.0,0.0,0.0,0.0,0.0,0.0,0.0,0.0,0.0,0.0,0.0,0.0,0.0,0.0,0.0,0.3168678980064774,0.0,0.0,0.0,XD-3684,3.0,2.8,3.0
0.0,0.0,0.0,0.0,0.0,0.0,0.0,0.1772099589352234,0.0,0.0,0.0,0.4329980347877195,0.0,0.4029895763956379,0.0,0.0,0.0,0.1559328497958755,0.0,0.0743181269551621,0.0,0.0,0.0,0.0,0.0,0.0,0.0,0.0,0.7172085188843129,0.0,0.0,0.0,0.0,0.0787425283398175,0.0729561759208341,0.0,0.0,0.0,0.0,0.0,0.0772066616959287,0.0,0.0,0.0,0.0,0.0,0.0,0.0,0.0,0.2387437506118829,XD-3683,1.0,2.15,2.0
0.0,0.0,0.0,0.0,0.0,0.0,0.0,0.0,0.0,0.0,0.0,0.0,0.0,0.0,0.0,0.0,0.0,0.0,0.0,0.0,0.0,0.0,0.4292926391066538,0.0,0.0,0.0,0.0,0.0,0.0,0.0,0.0,0.0,0.0,0.43356595925979,0.0,0.0,0.0,0.0,0.0,0.4423986013221474,0.0,0.0,0.0,0.0,0.0,0.0,0.0,0.0,0.0,0.6572760961180545,XD-3673,5.0,3.95,4.0
0.0,0.0,0.0,0.7386417980747043,0.0,0.0,0.0,0.2226780151233598,0.0,0.0,0.0,0.0,0.0,0.0,0.0,0.0,0.0,0.0,0.0,0.0933864727326674,0.0,0.0,0.5878250470861008,0.0,0.0,0.0,0.0,0.0,0.0,0.0,0.0,0.0,0.0,0.0989460751633878,0.0,0.0,0.0,0.0,0.0,0.0,0.0,0.2019236258000133,0.0,0.0,0.0,0.0,0.0,0.0,0.0,0.0,XD-3667,1.0,3.55,4.0
0.0,0.0,0.0,0.0,0.0,0.0,0.0,0.0,0.0,0.0,0.0,0.0,0.0,0.0,0.6083610271073726,0.0,0.0,0.5903384641724547,0.0,0.0,0.0,0.0,0.0,0.0,0.0,0.0,0.0,0.0,0.0,0.0,0.0,0.0,0.0,0.0,0.0,0.0,0.3105361513756379,0.3659314332001143,0.0,0.0,0.0,0.0,0.0,0.0,0.0,0.0,0.0,0.0,0.0,0.2259620395117001,XD-3665,1.0,3.55,4.0
0.0,0.0,0.0,0.1061518882191844,0.0,0.0,0.0,0.1920093758451571,0.0,0.0,0.5064460833444727,0.0,0.0,0.0,0.0,0.0,0.0,0.0,0.0,0.1610493818336466,0.0,0.0,0.0,0.0,0.0,0.0,0.0,0.2509633715689026,0.3885525421066902,0.2723503489405621,0.0,0.0,0.0,0.1706371787437139,0.3952449931927744,0.0,0.0,0.0,0.0,0.0,0.418272285948171,0.0,0.0,0.0,0.0,0.0,0.0,0.0,0.1449892288081131,0.0,XD-3663,2.0,2.75,3.0
0.0,0.0,0.0,0.9401718347722388,0.0,0.0,0.0,0.0,0.0,0.0,0.0,0.0,0.0,0.0,0.0,0.0,0.0,0.0,0.0,0.0,0.0,0.0,0.0,0.0,0.0,0.0,0.0,0.0,0.0,0.0,0.0,0.0,0.0,0.0,0.0,0.0,0.0,0.0,0.0,0.0,0.0,0.0,0.0,0.0,0.0,0.0,0.3407006326689198,0.0,0.0,0.0,XD-3653,2.0,2.5,2.0
0.0,0.0,0.0,0.0,0.0,0.0,0.0,0.0,0.0,0.0,0.0,0.0,0.0,0.0,0.408928172939622,0.0,0.0,0.0,0.0,0.0,0.0,0.0,0.0,0.0,0.0,0.0,0.0,0.0,0.9125665725722494,0.0,0.0,0.0,0.0,0.0,0.0,0.0,0.0,0.0,0.0,0.0,0.0,0.0,0.0,0.0,0.0,0.0,0.0,0.0,0.0,0.0,XD-3648,1.0,2.4,2.0
0.0,0.0,0.0,0.0,0.0,0.0,0.0,0.0,0.4257377112144864,0.0,0.0,0.0,0.0,0.0,0.0,0.0,0.0,0.0,0.0,0.0,0.0,0.0,0.3746205629420353,0.0,0.0,0.0,0.0,0.0,0.0,0.0,0.0,0.0,0.0,0.0,0.0,0.0,0.0,0.0,0.0,0.7721148604688625,0.0,0.0,0.0,0.0,0.0,0.0,0.0,0.0,0.0,0.2867847229438698,XD-3629,3.0,3.6,4.0
0.0,0.0,0.0,0.0,0.0,0.0,0.0,0.0,0.4009416475866385,0.0,0.0,0.0,0.0,0.0,0.0,0.0,0.0,0.0,0.0,0.3362929763766563,0.0,0.0,0.35280169402269,0.0,0.0,0.0,0.0,0.0,0.0,0.0,0.0,0.0,0.0,0.0,0.0,0.0,0.0,0.0,0.0,0.7271448972641057,0.0,0.0,0.0,0.0,0.0,0.0,0.0,0.0,0.0,0.2700816401530002,XD-3628,1.0,3.65,4.0
0.0,0.0,0.0,0.8659456655071321,0.0,0.0,0.0,0.0,0.0,0.0,0.0,0.0,0.0,0.0,0.0,0.0,0.0,0.3445679305771249,0.0,0.0,0.0,0.0,0.0,0.0,0.0,0.0,0.0,0.0,0.0,0.0,0.0,0.0,0.0,0.0,0.0,0.0,0.3625066145702828,0.0,0.0,0.0,0.0,0.0,0.0,0.0,0.0,0.0,0.0,0.0,0.0,0.0,XD-3591,1.0,3.05,3.0
0.0,0.0,0.0,0.1119271638296843,0.0,0.0,0.4170156671192532,0.0337426324166135,0.0337426324166135,0.0,0.0,0.0,0.0,0.0,0.0,0.0767334365729148,0.0,0.0593824959268856,0.0,0.0424528495148949,0.0,0.0,0.0296912479634428,0.0,0.0,0.0189138570480209,0.0,0.4998325417300193,0.0,0.047861296732972,0.0,0.1158376853109036,0.0203814149500785,0.0,0.4723150832376405,0.0,0.1561850774035587,0.0736185194098322,0.0,0.061195396212106,0.4998325417300193,0.0,0.0,0.1404322938392442,0.0,0.0,0.0,0.0189138570480209,0.0,0.0795537940833729,XD-3568,3.0,2.65,3.0
0.0,0.0,0.0,0.2300430692737095,0.0,0.0,0.0,0.0,0.0,0.2300430692737095,0.0,0.0,0.0,0.0,0.0,0.0,0.0,0.0,0.0,0.0,0.0,0.5597003471553684,0.0,0.0,0.0,0.0,0.0,0.0,0.0,0.0,0.0,0.0,0.0,0.0,0.0,0.0,0.0,0.0,0.6888628182803561,0.0,0.0,0.0,0.0,0.0,0.0,0.0,0.1667265841071274,0.0,0.0,0.2802965531276413,XD-3567,3.0,2.95,3.0
0.6964224707479173,0.0,0.0,0.1456789206754498,0.0,0.0,0.0,0.131753278730816,0.065876639365408,0.0,0.0,0.0,0.0,0.0,0.0,0.0,0.0,0.1159340273305761,0.0,0.0552545520257969,0.0,0.0,0.057967013665288,0.0,0.0,0.0,0.0,0.2870106984793625,0.0,0.0,0.0,0.0,0.0,0.0,0.0,0.0,0.0,0.0,0.0,0.0,0.0,0.0,0.6081493700648393,0.0,0.0,0.0,0.0,0.0,0.0,0.0,XD-3505,3.0,2.5,2.0
0.0,0.0,0.0,0.0,0.0,0.561706307514429,0.0,0.0,0.0,0.0,0.0264975855901187,0.0589121082381449,0.0,0.0228455285744957,0.0182194521088963,0.0,0.0,0.0176797048081305,0.3034371970747493,0.0168524149745281,0.0,0.2162057381900781,0.0,0.0,0.0,0.0,0.3640207498324269,0.2801187284997747,0.0,0.0379987889142791,0.0,0.0,0.0242722973674309,0.0178556944058448,0.2812408309125455,0.0,0.0,0.0,0.0,0.2368528774156521,0.2976261490310106,0.0728778084355852,0.0,0.3105909915428321,0.0,0.0255337433478561,0.0,0.0225245775996958,0.0,0.0,XD-3468,2.0,2.5,2.0
0.0,0.0,0.0,0.0,0.0,0.0,0.0,0.0,0.0,0.1485517509463009,0.0,0.1313107504049655,0.0,0.1527630018801161,0.3654883520453785,0.0,0.0,0.0,0.0,0.4507535016392459,0.0,0.0,0.0,0.0,0.0,0.0,0.0,0.0,0.0,0.0,0.1597579488974198,0.0,0.0,0.0,0.0,0.0,0.0,0.0,0.0,0.0,0.0,0.730976704090757,0.0,0.0,0.0,0.170738500111112,0.1076647345934192,0.0,0.0,0.0,XD-3464,2.0,3.35,3.0
0.0,0.0,0.0,0.0,0.0,0.0,0.6179811934298425,0.0,0.1500109988264797,0.0,0.0,0.0,0.0,0.0,0.0,0.0,0.0,0.0,0.0,0.0,0.0,0.0,0.1319995935233482,0.0,0.0,0.0,0.0,0.0,0.0,0.0,0.0,0.0,0.0,0.5332542436035987,0.0,0.0,0.0,0.0,0.0,0.4080883078126563,0.0,0.0,0.0,0.3567574761839432,0.0,0.0,0.0,0.0,0.0,0.0,XD-3460,2.0,3.75,4.0
0.0,0.0,0.0,0.0,0.0,0.0,0.0,0.0,0.0,0.0,0.0,0.2419872733565358,0.0,0.0,0.224514569401903,0.0,0.0,0.0,0.0,0.0,0.0,0.0,0.0,0.0,0.0,0.2775657473413352,0.0,0.0,0.0,0.0,0.0,0.0,0.0,0.8801282315054341,0.0,0.0,0.0,0.0,0.0,0.0,0.0,0.0,0.0,0.0,0.0,0.0,0.1984109867666356,0.0,0.0,0.0,XD-3424,3.0,4.6,5.0
0.0,0.0,0.010249370535723,0.0,0.2416701066104947,0.0,0.0559159935393096,0.0135732513066501,0.0,0.0,0.4475119985837787,0.0066330257924247,0.0,0.0,0.0061540878119809,0.0,0.1749200491963067,0.011943548601663,0.0,0.0056923359153346,0.0,0.0,0.011943548601663,0.0,0.0,0.0684742904907444,0.5006120924585424,0.4198642412145076,0.0,0.0192526001053471,0.0,0.0,0.0737873255762026,0.0,0.3073410116748562,0.0372773290262064,0.0376960388823131,0.0148068273458292,0.1235877592420744,0.1723144587354672,0.1537531024165802,0.0061540878119809,0.0268507199150267,0.0161400127912359,0.0,0.0,0.0,0.038041272494858,0.3177304866074133,0.0,XD-3385,3.0,2.8,3.0
0.0,0.0,0.0,0.0,0.0,0.0,0.0,0.0,0.3091655527615343,0.0,0.0,0.0,0.0,0.0,0.0,0.0,0.0,0.5440898016171348,0.0,0.5186301026951503,0.0,0.0,0.5440898016171348,0.0,0.0,0.0,0.0,0.0,0.0,0.0,0.0,0.0,0.0,0.0,0.0,0.0,0.0,0.0,0.0,0.0,0.0,0.0,0.0,0.0,0.0,0.0,0.0,0.0,0.0,0.2082595810917866,XD-3346,1.0,3.75,4.0
0.0,0.0,0.0,0.0,0.0,0.0,0.0,0.0,0.0,0.0,0.0,0.0,0.0,0.0,0.0,0.0,0.0,0.0,0.0,0.0,0.0,0.0,0.0,0.0,0.0,0.0,0.0,0.0,0.0,0.0,0.0,0.0,0.0,1.0,0.0,0.0,0.0,0.0,0.0,0.0,0.0,0.0,0.0,0.0,0.0,0.0,0.0,0.0,0.0,0.0,XD-3338,2.0,4.5,4.0
0.0,0.0,0.0,0.0,0.0,0.0,0.0,0.0,0.0,0.0,0.0,0.0,0.0,0.0,0.0,0.0,0.0,1.0,0.0,0.0,0.0,0.0,0.0,0.0,0.0,0.0,0.0,0.0,0.0,0.0,0.0,0.0,0.0,0.0,0.0,0.0,0.0,0.0,0.0,0.0,0.0,0.0,0.0,0.0,0.0,0.0,0.0,0.0,0.0,0.0,XD-3335,3.0,2.4,2.0
0.0,0.0,0.0,0.0,0.0,0.0,0.0,0.0,0.2225677188442038,0.0,0.0,0.0,0.0,0.0,0.2018236095294934,0.0,0.0,0.0,0.0,0.0,0.0,0.0,0.1958446290517455,0.0,0.0,0.0,0.2880280342903384,0.0,0.0,0.0,0.0,0.0,0.0,0.7911765236636383,0.0,0.0,0.0,0.0,0.0,0.2018236095294934,0.0,0.0,0.0,0.0,0.0,0.0,0.1783582313888425,0.0,0.0,0.2998513869156735,XD-3321,3.0,5.05,5.0
0.0,0.0,0.0,0.0,0.0,0.0,0.0,0.0,0.0,0.0,0.0,0.0,0.0,0.0,0.0,0.0,0.0,0.0,0.0,0.0,0.0,0.0,0.0,0.0,0.0,0.0,0.0,0.0,0.0,0.0,0.0,0.0,0.0,0.9116250272426296,0.0,0.0,0.0,0.0,0.0,0.0,0.0,0.0,0.0,0.0,0.0,0.0,0.4110228822156683,0.0,0.0,0.0,XD-3308,2.0,4.6,5.0
0.0,0.2608913389254317,0.0,0.0,0.0,0.0,0.0,0.3151815439933589,0.4727723159900384,0.0,0.0,0.3080481254450701,0.0,0.0,0.0,0.0,0.0,0.0,0.0,0.0,0.0,0.0,0.0,0.0,0.0,0.0,0.0,0.137317987014436,0.0,0.0,0.0,0.0,0.0,0.1400496439884423,0.0,0.0,0.0,0.0,0.0,0.0,0.0,0.5716109882974172,0.0,0.0,0.0,0.2002717779706712,0.2525758139814089,0.0,0.0,0.212312063014823,XD-3306,0.0,2.1,2.0
0.0,0.0,0.0,0.0,0.0,0.0,0.0,0.0,0.0,0.0,0.0,0.0,0.0,0.0,0.0,0.0,0.0,0.0,0.0,0.0,0.0,0.0,0.5327265067691197,0.0,0.0,0.0,0.0,0.0,0.0,0.0,0.0,0.0,0.0,0.0,0.498492637009028,0.0,0.0,0.0,0.0,0.5489902225491924,0.0,0.0,0.0,0.0,0.0,0.0,0.0,0.0,0.0,0.4078201752963485,XD-3290,8.0,3.95,4.0
0.0,0.0,0.0,0.0,0.0,0.0,0.0,0.0,0.2513422446376245,0.0,0.0,0.0,0.0,0.0,0.0,0.0,0.0,0.0,0.0,0.0,0.0,0.0,0.2211642771993597,0.0,0.0,0.0,0.0,0.0,0.0,0.0,0.0,0.0,0.0,0.0,0.0,0.0,0.2326783959759081,0.0,0.0,0.6837487390817735,0.0,0.0,0.0,0.2988721678969918,0.0,0.0,0.4028343235008714,0.0,0.0,0.3386174825193114,XD-3287,5.0,4.05,4.0
0.0,0.0,0.0,0.0,0.0,0.0,0.0,0.6853028449939771,0.0,0.0,0.0,0.0,0.0,0.0,0.0,0.0,0.0,0.0,0.0,0.0,0.0,0.0,0.3015102148750951,0.0,0.0,0.0,0.0,0.0,0.0,0.0,0.0,0.0,0.0,0.0,0.0,0.0,0.0,0.0,0.0,0.6214301629893229,0.0,0.0,0.0,0.0,0.0,0.0,0.0,0.0,0.0,0.2308162764975611,XD-3253,3.0,3.5,4.0
0.0,0.0,0.0,0.6642128440490056,0.0,0.0,0.0,0.0,0.0,0.0,0.0,0.0,0.0,0.0,0.0,0.0,0.0,0.5285930844233263,0.0,0.0,0.0,0.0,0.5285930844233263,0.0,0.0,0.0,0.0,0.0,0.0,0.0,0.0,0.0,0.0,0.0,0.0,0.0,0.0,0.0,0.0,0.0,0.0,0.0,0.0,0.0,0.0,0.0,0.0,0.0,0.0,0.0,XD-3237,1.0,3.65,4.0
0.0,0.0,0.0,0.5656782531524038,0.0,0.0,0.0,0.3410695439623282,0.1705347719811641,0.0,0.0,0.0,0.0,0.0,0.0,0.0,0.0,0.1500591340582222,0.0,0.0,0.0,0.0,0.1500591340582222,0.0,0.0,0.0,0.0,0.0,0.6901925375175616,0.0,0.0,0.0,0.0,0.0,0.0,0.0,0.0,0.0,0.0,0.0,0.0,0.0,0.0,0.0,0.0,0.0,0.0,0.0,0.0,0.1148753470661539,XD-3220,2.0,3.65,4.0
0.0,0.0,0.0,0.518188311213682,0.0,0.0,0.0,0.2343270003849384,0.0,0.0,0.0,0.0,0.0,0.0,0.0,0.0,0.0,0.1030960031075315,0.0,0.0,0.0,0.0,0.2061920062150631,0.0,0.0,0.0,0.0,0.1020913584859801,0.0,0.0,0.0,0.0,0.0,0.0,0.0,0.0,0.0,0.7668699323645279,0.0,0.0,0.0,0.0,0.0,0.0,0.0,0.0,0.0,0.0,0.0,0.1578469609656134,XD-3217,5.0,4.3,4.0
0.0,0.0,0.0,0.0,0.0,0.0,0.0,0.0,0.3971682132867399,0.0,0.0,0.0,0.0,0.0,0.0,0.0,0.0,0.0,0.0,0.0,0.0,0.0,0.3494813255319114,0.0,0.0,0.0,0.0,0.0,0.0,0.0,0.0,0.0,0.0,0.0,0.0,0.0,0.0,0.0,0.0,0.7203014238737798,0.0,0.3601507119368899,0.0,0.0,0.0,0.0,0.0,0.0,0.0,0.2675397856690357,XD-3216,2.0,3.4,3.0
0.0,0.0,0.0,0.5755748006888868,0.0,0.0,0.0,0.6506935491592412,0.0,0.0,0.0,0.0,0.0,0.0,0.0,0.0,0.0,0.1145133152491525,0.0,0.0,0.0,0.0,0.2290266304983051,0.0,0.0,0.0,0.0,0.0,0.2633502989584606,0.0,0.1547485118979465,0.0,0.0,0.0,0.0,0.0,0.0,0.0,0.0,0.2360186310411023,0.0,0.0,0.0,0.0,0.0,0.0,0.0,0.0,0.0,0.1753276388738631,XD-3214,2.0,3.5,4.0
0.0,0.0,0.0,0.0,0.0,0.0,0.0,0.0,0.2144137924494077,0.0,0.0,0.0,0.0,0.0,0.0,0.0,0.0,0.0,0.0,0.0,0.0,0.0,0.1886697220239123,0.0,0.0,0.0,0.5549518455294875,0.0,0.0,0.0,0.0,0.0,0.0,0.762191210012831,0.0,0.0,0.0,0.0,0.0,0.0,0.0,0.0,0.0,0.0,0.0,0.0,0.1718239509540924,0.0,0.0,0.0,XD-3200,5.0,5.1,5.0
0.0,0.0,0.0,0.0,0.0,0.0,0.0,0.0,0.0,0.0,0.0,0.0,0.0,0.0,0.0,0.0,0.0,0.0,0.0,0.0,0.0,0.4003395350349966,0.0,0.0,0.0,0.0,0.0,0.0,0.0,0.0,0.8847829862370777,0.0,0.0,0.0,0.0,0.0,0.0,0.0,0.0,0.0,0.0,0.0,0.0,0.0,0.0,0.0,0.2385106369815852,0.0,0.0,0.0,XD-3178,1.0,2.5,2.0
0.0,0.0,0.0,0.0,0.0,0.0,0.0,0.0468650454393637,0.0234325227196818,0.0,0.401738250870194,0.0458043615548701,0.0,0.079931137573404,0.0424970551904563,0.0,0.0,0.0206190445928731,0.0,0.019654213666373,0.1379156157456747,0.063037757210264,0.0,0.0,0.036394044685796,0.1313470091848414,0.0,0.5104529297255662,0.2370917105122916,0.0221581392789539,0.0,0.0,0.0849230664010375,0.0,0.4244686892510477,0.1287093032614329,0.0650775018892517,0.0,0.0,0.0,0.4491985781584982,0.0424970551904563,0.1236117694985212,0.195046010360764,0.023994078750811,0.0,0.0,0.0,0.0,0.0157845766513606,XD-3150,3.0,2.75,3.0
0.0,0.0,0.0562805204640707,0.0,0.4575998218534917,0.0,0.0,0.0745323476466557,0.0,0.0,0.0,0.0,0.0,0.0,0.0,0.0,0.0,0.0327917275088592,0.0,0.0625145957704914,0.0,0.6015168010034053,0.0,0.0535132569288755,0.0,0.0,0.0482266828612676,0.4546105252000538,0.1131184337476382,0.1057183317198828,0.0,0.0511735689473078,0.0450194485668542,0.0,0.368213734670961,0.0,0.1379956411525307,0.0,0.0,0.0,0.0649443607428648,0.0,0.0,0.0,0.0,0.0,0.0,0.0,0.0,0.1255158875239606,XD-3136,5.0,3.45,3.0
0.0,0.0,0.0,0.0,0.0,0.0,0.4094400138437724,0.0,0.0,0.0,0.0,0.0,0.0,0.0,0.0,0.07533946997658,0.0,0.0291518663103716,0.0,0.0,0.0,0.0,0.0,0.0,0.0,0.0,0.0857471025876595,0.548487985393023,0.0,0.0313278877223015,0.0,0.0,0.0,0.0588841071553026,0.5182918814751367,0.0,0.0920086586138019,0.0,0.0,0.0,0.4618846192783352,0.0600836991217758,0.0,0.0,0.0,0.0,0.0530979618075517,0.0371405225375682,0.0500334179711473,0.1115837026865266,XD-3135,2.0,2.7,3.0
0.0,0.0,0.0,0.0,0.0,0.0,0.0,0.0,0.0,0.0,0.0,0.0,0.0,0.0,1.0,0.0,0.0,0.0,0.0,0.0,0.0,0.0,0.0,0.0,0.0,0.0,0.0,0.0,0.0,0.0,0.0,0.0,0.0,0.0,0.0,0.0,0.0,0.0,0.0,0.0,0.0,0.0,0.0,0.0,0.0,0.0,0.0,0.0,0.0,0.0,XD-3133,1.0,2.25,2.0
0.0,0.0,0.0,0.0,0.0,0.0,0.0,0.0,0.0,0.0,0.0,0.0,0.0,0.0,0.0,0.0,0.0,0.0,0.0,0.0,0.0,0.0,0.0,0.0,0.0,0.0,0.0,0.0,0.0,0.0,0.0,0.0,0.0,1.0,0.0,0.0,0.0,0.0,0.0,0.0,0.0,0.0,0.0,0.0,0.0,0.0,0.0,0.0,0.0,0.0,XD-3124,3.0,4.5,4.0
0.0,0.0,0.0,0.0,0.0,0.0,0.0,0.0,0.2623532650551654,0.0,0.0,0.0,0.0,0.0,0.0,0.0,0.0,0.0,0.0,0.4401017499608619,0.0,0.0,0.2308532348808822,0.0,0.0,0.0,0.0,0.0,0.0,0.0,0.0,0.0,0.0,0.0,0.0,0.0,0.0,0.0,0.0,0.475802000400116,0.0,0.0,0.0,0.0,0.5372810241194129,0.0,0.2102410205636437,0.0,0.0,0.353451932729351,XD-3090,2.0,3.2,3.0
0.0,0.0,0.0,0.0,0.0,0.0,0.0,0.0766720930493123,0.0,0.0,0.0,0.2248103829799913,0.0,0.2179480662723622,0.0695259791031299,0.0,0.0,0.0,0.0,0.1286186482835238,0.0,0.0,0.0,0.0,0.0,0.0,0.0,0.0,0.8533502644077435,0.0,0.0,0.0,0.0,0.0,0.1262615880582399,0.0,0.0,0.0,0.0,0.0,0.1336176902279145,0.0,0.0,0.0,0.0,0.0,0.0,0.0,0.0,0.3357102236719018,XD-3087,3.0,2.3,2.0
0.0,0.0,0.0,0.0,0.0,0.0,0.0,0.0,0.0,0.0,0.0,0.0,0.0,0.0,0.0,0.0,0.0,0.0,0.0,0.0,0.0,0.0,0.0,0.0,0.0,0.0,0.0,0.0,0.0,0.0,0.0,0.0,0.0,0.0,0.0,0.0,0.0,0.0,0.0,0.0,0.0,0.6629763075113286,0.0,0.0,0.7486403780712365,0.0,0.0,0.0,0.0,0.0,XD-3086,1.0,2.0,2.0
0.0,0.0,0.0,0.0,0.0,0.0,0.0,0.0,0.0,0.0,0.0,0.0,0.0,0.0,0.0,0.0,0.0,0.0,0.0,0.0,0.0,0.0,0.0,0.0,0.0,0.0,0.0,0.0,0.0,0.0,0.0,0.897795219543091,0.0,0.0,0.0,0.0,0.0,0.0,0.0,0.0,0.0,0.0,0.0,0.0,0.0,0.0,0.0,0.0,0.0,0.4404131512177772,XD-3075,1.0,2.65,3.0
0.0,0.0,0.0,0.0,0.0,0.0,0.0,0.0,0.0,0.0,0.0,0.0,0.0,0.0,0.0,0.0,0.0,0.0,0.0,0.0,0.0,0.0,0.0,0.0,0.0,0.0,0.0,0.0,0.0,0.0,0.0,0.0,0.0,0.0,0.0,0.0,0.0,0.0,0.0,0.0,0.0,0.0,0.0,0.0,0.0,0.0,0.0,0.0,0.0,1.0,XD-3074,1.0,2.55,3.0
0.0,0.0,0.0,0.0,0.0,0.2964400257449937,0.0,0.0,0.0,0.0,0.0,0.0,0.0,0.0,0.0,0.0620059282059884,0.0,0.0239925835697195,0.2882497005233118,0.0457397879677286,0.0,0.0,0.0,0.0,0.0846971502128553,0.0,0.0,0.7127634563096287,0.0,0.1547009627934584,0.0,0.0,0.0658783762893326,0.0484628272787215,0.3143109370474299,0.0,0.0504833414420549,0.0,0.0,0.0247250580290328,0.3326229462778267,0.0494501160580657,0.0359590583421029,0.1945354527160302,0.0,0.0,0.0,0.0305674114075031,0.0,0.1469370795391031,XD-3067,3.0,2.75,3.0
0.0183650653642675,0.0,0.0,0.0,0.0,0.0,0.0,0.0,0.0121604369060248,0.0,0.0,0.0,0.0,0.0,0.0,0.0,0.0,0.0107003669145509,0.0,0.0305989877513331,0.0,0.0,0.0,0.0174620713037122,0.0,0.1363265097057391,0.0,0.7735149006987534,0.0,0.0804936201347261,0.0,0.0,0.132213881090392,0.0,0.5206626866241905,0.2003832084474332,0.1013169856092264,0.0,0.0,0.0,0.0635765671807194,0.0,0.1603725238860307,0.0,0.0498074380224291,0.0,0.0194899245114016,0.0272653019411478,0.0,0.0491489586725444,XD-3058,3.0,2.6,3.0
0.0,0.0,0.0,0.0,0.0,0.0,0.0,0.0,0.0,0.0,0.0,0.0,0.0,0.0,0.0,0.0,0.0,0.651750982724657,0.0,0.0,0.0,0.0,0.0,0.0,0.0,0.0,0.0,0.0,0.0,0.0,0.0,0.0,0.0,0.0,0.0,0.0,0.0,0.0,0.0,0.0,0.0,0.0,0.0,0.0,0.7584330270481658,0.0,0.0,0.0,0.0,0.0,XD-3046,2.0,2.55,3.0
0.0,0.0,0.0,0.0,0.1430693697016954,0.0,0.0,0.2330266641495486,0.0,0.0,0.0,0.0,0.0,0.1324803036448443,0.2113077436364427,0.0,0.0,0.0,0.0,0.0,0.0,0.0,0.0,0.0,0.0,0.0,0.9046893102123006,0.0,0.0,0.0,0.0,0.0,0.0,0.1035444554921218,0.0959355467722554,0.0,0.0,0.0,0.0,0.0,0.0,0.0,0.0,0.0,0.0,0.0,0.0,0.0,0.0,0.1569710306517675,XD-3029,2.0,2.5,2.0
0.0,0.0,0.5973615766216904,0.0,0.1529044721451653,0.0,0.0,0.0073248751229657,0.0366243756148286,0.0080990766398781,0.0,0.0,0.0,0.0,0.0132843410027899,0.0,0.0,0.0,0.0,0.0,0.0107779119103923,0.2857261134130098,0.0128907952937393,0.4838431927337783,0.0,0.0,0.0189584490872806,0.0063825888678238,0.0667021845522747,0.0,0.0261301236176809,0.4727472206803434,0.0,0.0195286717661253,0.1025305009014498,0.0,0.0135619079617336,0.1358398735887526,0.0,0.0199265115041848,0.0,0.0,0.0,0.0,0.0,0.2047914760836931,0.0234796273037386,0.0082116676173828,0.0,0.0246708504720628,XD-3025,5.0,3.35,3.0
0.0,0.0,0.0,0.0,0.0,0.0,0.0,0.0,0.0,0.0,0.0,0.0,0.0,0.0,0.0,0.0,0.0,0.0,0.0,0.0,0.0,0.0,0.0,0.0,0.0,0.0,0.0,0.0,0.0,0.0,0.0,0.0,0.0,0.7426524768842099,0.0,0.0,0.0,0.0,0.0,0.0,0.0,0.0,0.0,0.0,0.0,0.0,0.6696770106385227,0.0,0.0,0.0,XD-3022,3.0,4.45,4.0
0.0189140989723533,0.0,0.0,0.0,0.0,0.0,0.0,0.0,0.0500959190997762,0.0,0.1569086002477232,0.0,0.0,0.0,0.0,0.0071201321508927,0.0,0.0110202601977171,0.0,0.0262614675972697,0.0,0.0,0.0,0.0,0.2528698128382143,0.0631809291550923,0.0,0.665685102555402,0.0570232800050141,0.0296071502308758,0.0,0.0343956288910239,0.0605184386251614,0.0,0.5207600599602962,0.1117857938958278,0.0753609364058775,0.0,0.0,0.0,0.3655811628787863,0.0,0.0908418211960503,0.0446769582021385,0.1346532034206579,0.0,0.0,0.0070201032394547,0.0,0.0126545733745294,XD-3015,2.0,2.75,3.0
0.0,0.0,0.0,0.0,0.0,0.0,0.0,0.0,0.0,0.0,0.0,0.0731837173795636,0.0,0.0,0.0,0.0,0.0,0.0,0.0,0.0,0.0,0.0,0.0,0.0,0.0,0.0,0.0,0.0,0.0,0.0,0.0,0.0,0.0,0.465806924483973,0.0,0.0,0.0,0.0,0.0,0.6789948317031818,0.0,0.0678994831703181,0.0,0.0,0.0,0.0,0.240020119721517,0.0,0.0,0.5043947595363484,XD-2996,5.0,4.2,4.0
0.0,0.0,0.0,0.0,0.0,0.0,0.0,0.0,0.0,0.0,0.0,0.3038005724729214,0.0,0.0,0.0,0.0,0.0,0.0,0.0,0.0,0.0,0.0,0.0,0.0,0.0,0.0,0.0,0.0,0.0,0.0,0.0,0.0,0.0,0.8287113311956403,0.0,0.0,0.0,0.0,0.0,0.2818646359650276,0.0,0.2818646359650276,0.0,0.0,0.0,0.0,0.2490931466292879,0.0,0.0,0.0,XD-2981,1.0,4.25,4.0
0.0,0.0,0.0,0.0,0.0,0.0,0.0,0.0,0.0,0.0,0.1162929096013239,0.0,0.0,0.0,0.0,0.0,0.0,0.0,0.0,0.0,0.0,0.0,0.0,0.0,0.5934796420108612,0.0,0.0,0.5122451292192753,0.0,0.027794920592161,0.0349519315391797,0.0,0.0,0.0,0.4114376687173891,0.0,0.0816324861296456,0.0,0.0,0.0,0.435408359836384,0.0,0.0,0.0,0.0,0.0,0.0,0.0659040841715092,0.0,0.0,XD-2865,2.0,2.75,3.0
0.0,0.0,0.0,0.0,0.0,0.0,0.0,0.0,0.0,0.0,0.0,0.0,0.0,0.0,0.0,0.0,0.0,0.0,0.0,0.0,0.0,0.0,0.0,0.0,0.0,0.0,0.0,0.0,0.0,0.0,0.0,0.0,0.0,0.0,0.0,0.0,0.0,0.0,0.0,0.0,0.0,0.0,0.0,0.0,0.0,0.0,1.0,0.0,0.0,0.0,XD-2842,2.0,2.95,3.0
0.0,0.0,0.0,0.0,0.0,0.0,0.0,0.0,0.0,0.0,0.0,0.0,0.0,0.0,0.0,0.0,0.0,0.0,0.0,0.0,0.0,0.0,0.0,0.0,0.0,0.813525843971472,0.0,0.0,0.0,0.0,0.0,0.0,0.0,0.0,0.0,0.0,0.0,0.0,0.0,0.0,0.0,0.0,0.0,0.0,0.0,0.0,0.5815287621352053,0.0,0.0,0.0,XD-2767,1.0,2.95,3.0
0.0,0.0,0.0,0.0,0.0,0.0,0.0,0.0,0.0,0.0,0.0,0.0,0.0,0.0,0.0,0.0,0.0,0.0,0.0,0.6064967068579337,0.0,0.0,0.0,0.0,0.0,0.0,0.0,0.0,0.0,0.0,0.0,0.0,0.0,0.0,0.0,0.0,0.0,0.0,0.0,0.0,0.0,0.0,0.0,0.0,0.7404178052340407,0.0,0.2897295605610304,0.0,0.0,0.0,XD-2764,1.0,2.65,3.0
0.363793376302218,0.0,0.6366384085288815,0.0,0.0,0.0,0.0,0.0,0.0,0.0,0.0,0.1177170266074141,0.0,0.0684742349788219,0.1092172624346904,0.0,0.0,0.0,0.0,0.0,0.0,0.0,0.158972587231748,0.6053354596844164,0.0,0.0,0.0,0.0,0.0,0.0,0.0716096384458416,0.0,0.0,0.0535183508873067,0.0,0.0,0.0557496401462709,0.0,0.0,0.0,0.0,0.1092172624346904,0.0,0.0,0.0,0.0,0.0482594623354404,0.0,0.0,0.1216988972171858,XD-2755,5.0,3.7,4.0
0.0,0.0,0.0,0.0,0.0,0.0,0.0,0.0,0.0,0.0,0.0,0.0,0.0,0.0,0.0,0.0,0.0,0.0,0.0,0.0,0.0,0.6843123179484111,0.0,0.0,0.0,0.0,0.0,0.0,0.2573771421560072,0.0,0.3024771940849077,0.0,0.0,0.0,0.0,0.0,0.0,0.0,0.0,0.0,0.0,0.0,0.0,0.0,0.0,0.0,0.6115400275192133,0.0,0.0,0.0,XD-2752,8.0,3.1,3.0
0.016817283504529,0.0,0.0,0.0,0.0,0.0,0.0,0.0222711447992402,0.2115758755927827,0.0123125449621206,0.1027995873101025,0.0,0.0,0.0,0.0,0.1772622566951985,0.0,0.0293956651558581,0.0,0.0280201481322799,0.0,0.0,0.0,0.0,0.5015587611497532,0.0,0.0,0.6015903770336083,0.0225340817063784,0.0631797695365704,0.0,0.0,0.0,0.0,0.357586476178245,0.0,0.061852088445048,0.0,0.0,0.0,0.3784197532953343,0.0,0.0,0.0264827161756808,0.0,0.0141514687372687,0.0,0.0499348413399078,0.0,0.1200180096364572,XD-2722,5.0,3.25,3.0
0.0,0.0,0.0,0.0,0.0,0.0,0.0,0.0,0.0,0.0,0.0,0.0,0.0,0.0,0.0,0.3970679727047996,0.0,0.0,0.0,0.0,0.0,0.0,0.0,0.0,0.0,0.0,0.0,0.0,0.0,0.0,0.0,0.0,0.0,0.0,0.2875365772809988,0.0,0.0,0.0,0.0,0.0,0.3042886906713508,0.316664194880916,0.0,0.0,0.7151616125383842,0.0,0.0,0.0,0.0,0.2352356055937598,XD-2710,1.0,1.75,2.0
0.0,0.1561101562418467,0.0,0.0,0.0231581208960749,0.0,0.0388467271981851,0.0,0.0,0.0,0.0,0.0,0.0,0.0,0.0427545242878737,0.0321661606661813,0.226842671265018,0.0082975861634452,0.0142411670061604,0.0158186312306498,0.0,0.0,0.0580831031441166,0.1218684725044047,0.0,0.0317142665203437,0.0122032319373965,0.5340873377536028,0.0,0.0267508616697434,0.0336390342470932,0.0388467271981851,0.102525089009723,0.1173225629205712,0.4425690793070116,0.0517956362642468,0.0436478499925645,0.2365964576825906,0.4371084374771709,0.0171018097151495,0.2136349351014411,0.0171018097151495,0.0373082020220434,0.0224260228313954,0.0772462312501754,0.0,0.007556718813655,0.0211428443468958,0.2848233401232086,0.0571687479530922,XD-2685,3.0,3.2,3.0
0.0,0.0,0.0,0.0,0.0,0.0,0.0,0.0,0.0,0.0,0.0,0.0,0.0,0.0,0.0,0.0,0.0,0.0,0.0,0.0,0.0,0.0,0.0,0.0,0.0,1.0,0.0,0.0,0.0,0.0,0.0,0.0,0.0,0.0,0.0,0.0,0.0,0.0,0.0,0.0,0.0,0.0,0.0,0.0,0.0,0.0,0.0,0.0,0.0,0.0,XD-2616,3.0,2.5,2.0
0.0,0.0,0.0,0.090668475141694,0.0,0.0,0.0,0.0,0.0,0.0181336950283388,0.0,0.3526399379717011,0.0,0.4102507627230642,0.3420492594088793,0.0559432858258724,0.0,0.0577245434074403,0.0,0.0,0.0,0.0,0.01443113585186,0.0,0.0,0.0,0.0,0.0714525403121325,0.0,0.0310166765214278,0.4485375892219355,0.0,0.0,0.0,0.0540150705806498,0.0,0.0,0.0178907746842463,0.0,0.0,0.0571620322497059,0.3866643802013418,0.0,0.0,0.0,0.4585246364282984,0.0131426216788912,0.0183857843145372,0.0,0.0331425690934221,XD-2609,1.0,1.6,2.0
0.0,0.0,0.0,0.0,0.0,0.2789887719536678,0.0,0.0,0.0,0.0,0.0,0.0,0.0,0.0,0.0,0.0,0.0,0.0,0.2712806064663803,0.45199468609515,0.0,0.1208084085091322,0.0,0.0,0.2789887719536678,0.0,0.0,0.3913020309607636,0.0,0.3397188809094564,0.0,0.0,0.0,0.0,0.2958076329877999,0.0,0.0,0.0,0.0,0.0814432783000067,0.3130416247686109,0.0,0.0,0.1067985698029198,0.2759000252365857,0.0,0.0,0.0,0.0,0.0605005529584671,XD-2607,1.0,3.1,3.0
0.0,0.0782691232015056,0.0,0.0,0.0,0.2937195530400635,0.0,0.0,0.0,0.0,0.0,0.0,0.0,0.0,0.0,0.2150291181312134,0.0,0.0,0.2856043916096209,0.1784476077388504,0.0,0.0,0.0,0.0,0.0,0.0,0.0,0.5561500798904726,0.0,0.1564746092039793,0.0,0.0,0.0285572879224379,0.0,0.4087472293038957,0.0,0.0656513137413626,0.2836628107513055,0.0,0.0428717670838168,0.3295704177128726,0.0,0.0,0.056218800434451,0.1452338592853661,0.0,0.0378872054236377,0.0,0.0,0.1592375496798557,XD-2573,5.0,3.5,4.0
0.0,0.0,0.3573057229776688,0.0,0.0,0.0,0.0,0.0,0.0,0.0,0.6240328521165285,0.0,0.0,0.0,0.0,0.0,0.0,0.0,0.0,0.0,0.0,0.0,0.0,0.0,0.0,0.0,0.0,0.0,0.0,0.0,0.0,0.0,0.0,0.0,0.3896104537060498,0.0,0.0,0.0,0.0,0.2145391063054983,0.4123094736369014,0.0,0.0,0.2813303958102321,0.0,0.0,0.1895953384918514,0.0,0.0,0.0,XD-2567,1.0,2.6,3.0
0.0,0.0,0.0,0.0,0.0,0.0,0.7085049006758298,0.0,0.0,0.0,0.0,0.0,0.0,0.0,0.0,0.0,0.0,0.0,0.0,0.0,0.0,0.0,0.0,0.0,0.0,0.0,0.0,0.0,0.0,0.0,0.0,0.0,0.0,0.0,0.0,0.0,0.0,0.0,0.0,0.4678662863331906,0.0,0.0,0.0,0.0,0.5283199256427126,0.0,0.0,0.0,0.0,0.0,XD-2353,3.0,2.6,3.0
0.0,0.0,0.0,0.0,0.0,0.0,0.0,0.0,0.0,0.3650721022541812,0.0,0.0,0.0,0.3754214264575933,0.149700469343346,0.0,0.0,0.0,0.0,0.1384681831361903,0.0,0.0,0.0,0.0,0.0,0.0,0.0,0.0,0.668144937234662,0.0,0.0,0.0,0.0,0.0,0.0,0.0,0.0,0.0,0.0,0.0,0.0,0.149700469343346,0.0,0.0,0.0,0.0,0.1322952800834582,0.0,0.0,0.444823016089898,XD-2344,3.0,2.4,2.0
0.0,0.0,0.0,0.0,0.0,0.0,0.0,0.0,0.0,0.0,0.0,0.0,0.0,0.0,0.0,0.0,0.0,0.0,0.0,0.0,0.0,0.0,0.0,0.0,0.0,0.0,0.0,0.0,0.0,0.0,0.0,0.0,0.0,0.0,0.0,0.0,0.0,0.0,0.0,0.0,0.0,0.0,0.0,0.0,0.0,0.0,1.0,0.0,0.0,0.0,XD-2322,3.0,2.95,3.0
0.0135626113459277,0.0,0.0,0.0,0.1874649065751883,0.3765954411398864,0.0616596311737604,0.0,0.1616488138251749,0.0,0.0,0.0,0.0,0.0102111747681298,0.0,0.0510558738406493,0.0,0.0316089085102294,0.3661905063400502,0.0150649133819618,0.0,0.0,0.0,0.0,0.0,0.0302031617739282,0.0464871149561064,0.4773385366085804,0.0,0.0084920835452708,0.0,0.0369957787042562,0.0325466757708836,0.0,0.4732427001405512,0.0493277049390083,0.0332545120931975,0.0097966623344236,0.0,0.0651478066027173,0.3443097641111072,0.0,0.2368704024613752,0.0961086575310133,0.0,0.0,0.0071966602368843,0.0201354411826188,0.0,0.0725930685582805,XD-2310,1.0,3.15,3.0
0.0,0.0,0.0,0.0,0.0,0.0,0.0,0.4361826715717512,0.0,0.4822849300147611,0.0,0.0,0.0,0.0,0.0,0.2479785435084809,0.0,0.0,0.0,0.0,0.0,0.0,0.1919057129137521,0.0,0.0,0.0,0.0,0.0,0.0,0.0,0.0,0.0,0.0,0.0,0.1795735404037888,0.0,0.0,0.0,0.0,0.3955288828405985,0.1900356400058558,0.0,0.0,0.0,0.0,0.0,0.0,0.2444947565166869,0.0,0.4407309594307976,XD-2239,5.0,2.9,3.0
0.0,0.0,0.0,0.0,0.0,0.0,0.0,0.0,0.0,0.0,0.0,0.0,0.0,0.0,0.0,0.0,0.0,0.0,0.0,0.0,0.0,0.0,0.0,0.0,0.0,0.0,0.0,0.0,0.0,0.0,0.0,0.0,0.0,0.0,0.0,0.0,0.0,0.0,0.0,0.0,0.0,0.0,0.0,0.0,0.0,0.0,0.0,0.0,0.0,0.0,XD-2235,1.0,2.4,2.0
0.0,0.0,0.0,0.0,0.0,0.0,0.0,0.0,0.0,0.0,0.0,0.0,0.0,0.4148293979550129,0.3308290427493635,0.0,0.0,0.3210283044081865,0.0,0.0,0.0,0.0,0.0,0.0,0.0,0.0,0.0,0.0,0.0,0.0,0.0,0.0,0.0,0.6484478515165015,0.0,0.0,0.0,0.0,0.0,0.0,0.0,0.3308290427493635,0.0,0.0,0.0,0.0,0.2923646202463613,0.0,0.0,0.0,XD-2230,5.0,4.5,4.0
0.0,0.0,0.0,0.0,0.0,0.0,0.0,0.0,0.0,0.0,0.0,0.0,0.0,0.0,0.0,0.0,0.0,0.0,0.0,0.2460815741070336,0.0,0.0,0.0,0.0,0.0,0.0,0.0,0.0,0.2968518726873115,0.0,0.0,0.0,0.0,0.0,0.0,0.0,0.0,0.0,0.0,0.0,0.0,0.0,0.0,0.0,0.9012572217554377,0.0,0.0,0.0,0.0,0.1976315885700226,XD-2227,3.0,2.6,3.0
0.0,0.0,0.0,0.434742008947277,0.0,0.0,0.0,0.0,0.0,0.0,0.0,0.0,0.0,0.0,0.0,0.0,0.0,0.0,0.0,0.0824466396366738,0.0,0.0,0.1729879371475084,0.1411506594715057,0.0,0.0,0.0,0.4282555330165441,0.0,0.0929502525596725,0.0,0.0,0.0,0.0,0.3237429032108831,0.0,0.0,0.321688629194049,0.0,0.0,0.3426044264132353,0.0,0.0,0.0,0.0,0.1249180808541625,0.0787711735333873,0.0,0.0,0.463498427135314,XD-2190,1.0,2.65,3.0
0.0,0.0,0.0,0.0,0.0,0.0,0.0,0.0,0.0,0.0,0.0,0.0,0.0,0.0,0.0,0.0,0.0,0.0,0.0,1.0,0.0,0.0,0.0,0.0,0.0,0.0,0.0,0.0,0.0,0.0,0.0,0.0,0.0,0.0,0.0,0.0,0.0,0.0,0.0,0.0,0.0,0.0,0.0,0.0,0.0,0.0,0.0,0.0,0.0,0.0,XD-2188,3.0,2.4,2.0
0.0,0.0,0.0,0.0,0.0,0.0,0.0,0.0,0.0,0.0,0.0,0.0,0.0,0.0,0.0,0.0,0.0,0.0,0.0,0.304051732329671,0.0,0.0,0.0,0.0,0.0,0.0,0.0,0.0,0.0,0.0,0.0,0.0,0.0,0.0,0.0,0.0,0.0,0.0,0.0,0.0,0.0,0.6574317074651186,0.0,0.0,0.3711896763552857,0.0,0.580994249759912,0.0,0.0,0.0,XD-2187,3.0,2.75,3.0
0.0,0.0,0.0,0.0,0.0,0.0,0.0,0.0618242313656019,0.1236484627312039,0.0683587337156994,0.0,0.1812749408289332,0.0,0.1405932316598357,0.1121239827176065,0.0,0.0,0.0,0.0,0.0,0.0,0.0,0.0544011670743729,0.0,0.0960218353739105,0.0693090366937131,0.0,0.7541945793644148,0.0,0.1169238110468268,0.0,0.0,0.1493736822751965,0.1098853883753305,0.0509052598034622,0.084896468883572,0.171700101676083,0.0,0.0,0.0,0.0538710413831724,0.3924339395116227,0.0,0.0,0.1266116750501335,0.2357050843850197,0.049543844995159,0.0,0.0,0.0832918700710042,XD-2175,1.0,2.2,2.0
0.0,0.0,0.0,0.0,0.0,0.0,0.0,0.0,0.0,0.0,0.0,0.0,0.0,0.0,0.0,0.0,0.0,0.0,0.0,0.0,0.0,0.0,0.0,0.0,0.0,0.0,0.0,0.0,0.0,0.0,0.0,0.0,0.0,0.0,0.0,0.0,0.0,0.0,0.0,0.0,0.0,0.0,0.0,0.0,0.0,0.6213052547653718,0.783568618820928,0.0,0.0,0.0,XD-2151,3.0,2.95,3.0
0.0,0.0,0.0,0.0,0.0,0.0,0.0,0.0,0.0,0.0,0.0,0.0,0.0,0.0,0.0,0.0,0.0,0.0,0.0,0.3024829724675259,0.0,0.2425414786661067,0.0,0.0,0.0,0.0,0.0,0.3142396274083853,0.0,0.3410189767558524,0.0,0.0,0.0,0.1602453870117485,0.0,0.0,0.0,0.0,0.0,0.0,0.0,0.0,0.0,0.0,0.3692745171781053,0.6874554119771196,0.0,0.0,0.0,0.0,XD-2150,3.0,3.85,4.0
0.0,0.0,0.0,0.0,0.0,0.0,0.0,0.0,0.0,0.8754082013258325,0.0,0.0,0.0,0.3000749656895629,0.0,0.0,0.0,0.0,0.0,0.0,0.0,0.0,0.0,0.378966352091948,0.0,0.0,0.0,0.0,0.0,0.0,0.0,0.0,0.0,0.0,0.0,0.0,0.0,0.0,0.0,0.0,0.0,0.0,0.0,0.0,0.0,0.0,0.0,0.0,0.0,0.0,XD-2137,5.0,2.15,2.0
0.0,0.0,0.0,0.0,0.0,0.0,0.0,0.3885561160329546,0.1942780580164773,0.2148122466127529,0.0,0.1898810153311052,0.0,0.0,0.5285119395330528,0.0,0.0,0.0,0.0,0.0,0.0,0.0,0.1709516294758095,0.0,0.0,0.0,0.0,0.0,0.0,0.0,0.2310168927548052,0.0,0.0,0.3453066764663973,0.0,0.0,0.0,0.0,0.0,0.3523412930220351,0.0,0.1761706465110175,0.0,0.0,0.0,0.0,0.1556878553881095,0.0,0.0,0.2617385191619016,XD-2136,5.0,2.95,3.0
0.0,0.0,0.0,0.0,0.2820367918661616,0.0,0.0,0.0,0.2296861058137217,0.0,0.0,0.0,0.0,0.0,0.2082785373136141,0.0,0.0,0.0,0.0,0.0,0.0,0.0,0.2021083310060611,0.0,0.0,0.0,0.0,0.0,0.0,0.0,0.0,0.0,0.0,0.0,0.1891205217020844,0.0,0.0,0.0,0.0,0.4165570746272282,0.0,0.4165570746272282,0.0,0.0,0.0,0.0,0.5521879968074194,0.0,0.0,0.3094415386973274,XD-2117,8.0,3.7,4.0
0.0,0.0,0.0,0.0,0.0,0.0,0.0,0.0,0.0,0.0,0.0,0.2910340841722837,0.0,0.0,0.0,0.0,0.0,0.0,0.0,0.4995197732571453,0.0,0.0,0.0,0.0,0.0,0.0,0.0,0.0,0.0,0.0,0.0,0.0,0.0,0.0,0.0,0.0,0.0,0.0,0.0,0.0,0.0,0.0,0.0,0.0,0.3049095980274597,0.7568416578161268,0.0,0.0,0.0,0.0,XD-2059,3.0,2.45,2.0
0.0,0.0,0.0,0.0,0.0,0.0,0.0,0.0,0.0,0.0,0.0,0.0,0.0,0.0,0.0,0.0,0.0,0.0,0.0,0.0,0.0,0.0,0.0,0.0,0.0,0.0,0.0,0.0,0.0,0.0,0.0,0.0,0.0,0.0,0.0,0.0,0.2905003888331096,0.0,0.0,0.569109632301144,0.0,0.0,0.0,0.0,0.6426450620675167,0.0,0.0,0.0,0.0,0.4227659810227241,XD-2015,2.0,3.0,3.0
0.0,0.0,0.0,0.3485166221638706,0.0,0.0,0.0,0.1576007271655232,0.0,0.3485166221638706,0.0,0.0,0.0,0.0,0.0,0.0,0.0,0.0,0.0,0.2643777115031011,0.0,0.0,0.0,0.0,0.0,0.0,0.0,0.0,0.0,0.0,0.0,0.0,0.0,0.0,0.0,0.0,0.0,0.0,0.0,0.0,0.0,0.0,0.0,0.0,0.8068879958064521,0.0,0.0,0.0,0.0,0.1061627374915503,XD-1962,3.0,2.4,2.0
0.0,0.0,0.0,0.0,0.0,0.0,0.199842532776937,0.0,0.0,0.0,0.0,0.0,0.0,0.0,0.1319674480339894,0.0,0.0,0.1280579411267803,0.0,0.0,0.0,0.0,0.0,0.0,0.0,0.0,0.3766687627493625,0.0,0.0,0.0,0.0,0.399685065553874,0.0,0.0,0.0,0.0,0.0,0.0,0.0,0.5278697921359579,0.0,0.0,0.0,0.0,0.0,0.0,0.0,0.0,0.0,0.5881961344309102,XD-1941,3.0,2.8,3.0
0.0,0.0,0.0,0.0,0.0,0.0,0.0,0.0,0.4620335334268503,0.0,0.0,0.0,0.0,0.0,0.0,0.0,0.0,0.0,0.0,0.0,0.0,0.0,0.0225865803484059,0.0,0.0,0.0,0.0,0.8722927123347339,0.0259715766426822,0.1213627020740452,0.0,0.0,0.0620177995820116,0.0,0.0,0.0,0.0475249380469413,0.0,0.0,0.046552261299326,0.0,0.0,0.0338518008340699,0.0,0.0,0.0,0.0,0.0,0.0,0.0172907918791134,XD-1935,4.0,3.3950000000000005,3.0
0.0,0.0,0.0,0.0,0.0,0.0,0.0,0.0,0.0,0.0,0.5508459435692519,0.0,0.0,0.0,0.0,0.0,0.0,0.1837675671230248,0.0,0.0,0.0,0.28091251336219,0.0,0.0,0.0,0.0,0.5405326802276265,0.1819767983991086,0.0,0.1974847733087469,0.0,0.0,0.0,0.0,0.0,0.0,0.0,0.2278229635851141,0.0,0.1893778445229808,0.0,0.0,0.0,0.0,0.0,0.0,0.3347189904302456,0.0,0.0,0.1406802937072095,XD-1857,3.0,3.95,4.0
0.0,0.0,0.0,0.0,0.0,0.0,0.0,0.0,0.0,0.0,0.0,0.0,0.0,0.0,0.0,0.0,0.0,0.0,0.0,0.2124823315009978,0.0,0.0,0.0,0.0,0.0,0.0,0.0,0.0,0.0,0.0,0.0,0.0,0.3060353274775479,0.0,0.0,0.0,0.0,0.0,0.0,0.0,0.0,0.0,0.0,0.3012355208253848,0.7782022544988006,0.0,0.4060197645702154,0.0,0.0,0.0,XD-1838,3.0,2.75,3.0
0.0,0.0,0.0,0.0,0.0,0.0,0.0,0.0,0.0,0.2044867655512585,0.0,0.0,0.0,0.0,0.335405138749416,0.0,0.0,0.0,0.0,0.0,0.0,0.0,0.0813672086402129,0.0,0.0,0.0,0.0,0.0,0.0,0.0,0.7696937337703278,0.0,0.0,0.4108858230110589,0.0,0.0,0.0,0.0,0.0,0.0,0.0,0.083851284687354,0.0,0.0,0.1893716464944018,0.0,0.0,0.0,0.0,0.1868680582027482,XD-1794,5.0,2.65,3.0
0.0,0.0,0.0,0.0,0.2540575818807083,0.0,0.0,0.0,0.0295571856061358,0.032681227661158,0.0,0.0,0.3312708806347698,0.0,0.1072093997735443,0.1344307936013675,0.0,0.0260083361635173,0.0,0.0,0.3044356609551953,0.0,0.0,0.0,0.0,0.0331355524603959,0.0,0.6953820696555009,0.0,0.0558994217728462,0.0,0.0,0.0,0.0788016950927847,0.2677069810679937,0.0,0.1641741971306096,0.1612171373723327,0.0,0.0,0.103019565874889,0.1072093997735443,0.0,0.0,0.0,0.0,0.0,0.2319488672227712,0.0,0.0796410471684592,XD-1770,1.0,3.2,3.0
0.0,0.0,0.0,0.2826611487308881,0.0,0.0,0.0,0.0,0.2045129546124617,0.0,0.0,0.0,0.0,0.0,0.0463629035128867,0.0,0.0,0.0,0.0,0.0,0.0,0.0,0.2699364755613375,0.0,0.0,0.0,0.0,0.0,0.0,0.0,0.0,0.0,0.0,0.0,0.0,0.0,0.0946632475255574,0.7250739566140344,0.0,0.0,0.0,0.0,0.0,0.0,0.0,0.0,0.0409724387146173,0.0,0.0,0.5166137754715365,XD-1759,5.0,3.95,4.0
0.0,0.0,0.025837141523148,0.0,0.4201479041311927,0.0,0.0,0.0,0.0171080757455723,0.0756652444161422,0.0,0.0167208732993163,0.3834876157509128,0.0,0.0,0.1750730775846395,0.0,0.0150539564568487,0.0,0.0143495337717756,0.3272494470153854,0.0,0.0,0.0491335041408725,0.0,0.0,0.0,0.5515685991785985,0.0,0.0647105955598848,0.0203432880692104,0.0234926530926493,0.0,0.0,0.4085103788359666,0.0,0.0633507451714423,0.0746516271042438,0.0,0.0,0.1341653349353347,0.0,0.0,0.0,0.0,0.0,0.0,0.0767171203534561,0.0,0.1382917594629029,XD-1739,2.0,3.6,4.0
0.0,0.0,0.0,0.6231232944860261,0.0,0.0,0.0,0.0,0.0,0.6231232944860261,0.0,0.0,0.0,0.0,0.0,0.0,0.0,0.0,0.0,0.4726888191376671,0.0,0.0,0.0,0.0,0.0,0.0,0.0,0.0,0.0,0.0,0.0,0.0,0.0,0.0,0.0,0.0,0.0,0.0,0.0,0.0,0.0,0.0,0.0,0.0,0.0,0.0,0.0,0.0,0.0,0.0,XD-1735,5.0,2.6,3.0
0.0,0.0,0.0,0.0,0.4229101445032435,0.0,0.0,0.0,0.0191339465475293,0.0,0.0,0.0,0.4288987055318852,0.0,0.05205178239891,0.0652681801318869,0.0,0.0,0.0,0.0160487489215249,0.3660010348341738,0.0,0.0,0.0,0.0,0.0214504147332773,0.0,0.5835381390614475,0.0,0.0180933422162055,0.0227522599447224,0.0,0.0,0.0,0.3308474439489569,0.0,0.1062787355413339,0.062618683594575,0.0,0.0,0.0500175547766954,0.03470118826594,0.0,0.0,0.0,0.0,0.0153332966857374,0.1501529031329416,0.0,0.0515559079208889,XD-1730,2.0,3.6,4.0
0.0,0.0,0.0,0.0,0.0,0.0,0.0,0.0,0.0,0.0,0.0,0.0,0.0,0.0,0.8736096917308284,0.1369283435096256,0.0,0.0,0.0,0.0,0.0,0.0,0.0,0.0,0.0,0.0,0.0,0.0,0.3655411213864987,0.0,0.0,0.0,0.0,0.0,0.0991565926541894,0.0,0.0,0.0,0.0,0.0,0.1049335358843393,0.2184024229327071,0.0,0.0,0.0,0.0,0.0965047398967044,0.0,0.0,0.0811206746014341,XD-1719,1.0,1.85,2.0
0.0,0.0,0.0,0.0,0.0,0.0,0.0,0.0,0.0,0.7063993467063551,0.0,0.0,0.0,0.1037749798510323,0.4965671779487729,0.0,0.0,0.0,0.0,0.0,0.0,0.0,0.0,0.0,0.0,0.0,0.0,0.0,0.2770355759393308,0.0,0.0,0.0,0.0,0.3244353609329679,0.0,0.0,0.0,0.0,0.0,0.0,0.0,0.2482835889743864,0.0,0.0,0.0,0.0,0.0,0.0,0.0,0.0,XD-1708,4.0,1.95,2.0
0.0,0.0,0.0,0.3220936843269151,0.0,0.0,0.0,0.0,0.0,0.0,0.0,0.0,0.0,0.0,0.0,0.0,0.0,0.0,0.0,0.0,0.0,0.7836617182316861,0.0,0.2788702879327811,0.0,0.0,0.0,0.0,0.0,0.0,0.0,0.0,0.0,0.3451730566251028,0.1599040999394672,0.0,0.0,0.0,0.0,0.176102475533067,0.1692202420424954,0.0,0.0,0.0,0.0,0.0,0.0,0.0,0.0,0.0,XD-1701,3.0,2.75,3.0
0.0,0.0,0.0,0.0,0.3291243139557634,0.0,0.0480079592847253,0.1048826372135576,0.0,0.0,0.245901884710191,0.0,0.0,0.0,0.0,0.0265012755339676,0.2202663787870601,0.0102544077050277,0.0,0.0,0.0,0.0,0.0512720385251385,0.0167343045292241,0.0,0.1437093124897958,0.0,0.5889599026941934,0.0,0.0330595231696213,0.0,0.0,0.126703602950407,0.0103564834526938,0.4317949271908783,0.0640106123796337,0.0323647991443676,0.0127127413707635,0.2122182130095868,0.0,0.2233985837805561,0.0,0.0461066033831608,0.0277147566515784,0.0,0.0,0.0,0.0391934488608534,0.2991942965821147,0.0157001924803304,XD-1674,3.0,2.8,3.0
0.0,0.0,0.0180266988543937,0.0131980019307849,0.3664240360767121,0.0,0.0,0.0,0.0238727747159868,0.0527920077231399,0.0,0.0,0.3822302399898468,0.0,0.021647746527148,0.0950050380857891,0.0,0.0105032183754398,0.0,0.0,0.3337036136382659,0.0,0.0,0.0,0.0,0.0267629533311378,0.0,0.6448537635442428,0.0,0.0451488961269729,0.0,0.0,0.0,0.0212155417327398,0.3145044646227118,0.0,0.1436503962424642,0.091148403521644,0.0,0.0,0.0728060700775758,0.0324716197907221,0.0,0.0,0.0,0.0,0.0,0.1873406733179652,0.0,0.0804056923134125,XD-1670,2.0,3.6,4.0
0.0,0.0,0.0,0.0,0.0,0.0,0.0,0.0,0.0,0.0,0.0,0.0,0.0,0.0,0.0,0.0,0.0,0.0,0.0,0.4378132810139148,0.0,0.0,0.0,0.0,0.0,0.0,0.0,0.0,0.0,0.0,0.0,0.0,0.0,0.0,0.0,0.0,0.0,0.0,0.0,0.473327895030374,0.0,0.0,0.0,0.0,0.5344872362292475,0.0,0.4182955919846645,0.0,0.0,0.3516140309887615,XD-1649,5.0,2.9,3.0
0.0,0.0,0.0,0.0,0.0,0.0,0.0,0.0337342586055356,0.0337342586055356,0.0,0.1112223235851299,0.0,0.0,0.0,0.0,0.0,0.0,0.0,0.0,0.0141474380381798,0.2233665252705932,0.0,0.0,0.0,0.1309852688311757,0.264728285514765,0.0,0.5731950438193587,0.1194638584144586,0.0478494191339799,0.0,0.0,0.1222581417211819,0.0,0.4305333522186758,0.2084560887762048,0.0468438952219665,0.0,0.0,0.0,0.4556165732923107,0.0,0.1779557177362079,0.1203406655698134,0.0,0.0,0.0,0.0567274897531639,0.0,0.0,XD-1644,4.0,2.8,3.0
0.0,0.0,0.0,0.0144936050106473,0.112670499404633,0.2239469233155154,0.0539999420665664,0.0,0.0131081420148383,0.1014552350745313,0.0172870912009306,0.0256229379714175,0.1469133701227528,0.0,0.071318497113548,0.2086627208055023,0.0,0.0346028510844012,0.217759506047083,0.0329836732063511,0.1350123767316153,0.0,0.0,0.0,0.0,0.01469509083777,0.0,0.605359905057061,0.1989434843901175,0.0247905050538271,0.0,0.0,0.0,0.0116490997491067,0.4101367325164496,0.0,0.0970781959120113,0.1000961331057504,0.0,0.0,0.3540784350333753,0.0,0.0,0.1714564421670215,0.0,0.0,0.0,0.1322558175399308,0.0,0.1324482695687403,XD-1641,2.0,3.15,3.0
0.0,0.0,0.0401693869735168,0.0,0.2286235614033806,0.0826215193769258,0.0,0.0531963579934288,0.0265981789967144,0.0,0.0,0.0519923792261323,0.2981069407939061,0.1209727596709098,0.0964765334327055,0.1209727596709098,0.0,0.0234046092852747,0.0803387739470336,0.0,0.2739582283297092,0.0,0.0,0.0,0.0,0.0298183110950073,0.0,0.67211958036799,0.0,0.1006065222812248,0.0632560231195634,0.0,0.0,0.0236375864654638,0.2847076844927989,0.0,0.1723615997633378,0.1160619914035938,0.0,0.0964765334327055,0.1390592235244117,0.1447148001490583,0.0,0.0,0.0,0.0,0.0,0.2087281776650514,0.0,0.1970872279527844,XD-1586,3.0,3.3,3.0
0.0,0.0,0.0,0.0,0.0,0.0,0.0,0.0,0.0,0.0,0.0,0.3025107959926165,0.0,0.3519320174049358,0.0,0.0,0.0,0.0,0.0,0.0,0.0,0.0,0.0,0.0,0.0,0.0,0.0,0.0,0.0,0.0,0.0,0.0,0.0,0.275064353793517,0.0,0.0,0.0,0.0,0.0,0.0,0.0,0.8420039635924289,0.0,0.0,0.0,0.0,0.0,0.0,0.0,0.0,XD-1585,8.0,2.95,3.0
0.8299148767137072,0.0433211357358316,0.3754376823228675,0.0144669254380308,0.2088600382800964,0.0,0.0,0.0,0.0,0.1012684780662158,0.0,0.0,0.1466429345807571,0.0,0.0118645358802055,0.0148770441533757,0.0,0.0230261031773929,0.0,0.0,0.11551186999583,0.0,0.0,0.1127298134936372,0.0,0.0,0.0,0.1482111773545879,0.0,0.0,0.0,0.1078010798501966,0.0,0.0697659377498037,0.1508248589654022,0.0,0.0242248740200574,0.0570925016619322,0.0,0.0,0.0114008597965067,0.0,0.0,0.0,0.0,0.0166276138434851,0.0104850846775371,0.0,0.0,0.0176272614838479,XD-1580,4.0,3.2,3.0
0.0,0.0,0.0,0.0,0.1717536121664769,0.0,0.0,0.0,0.0,0.3093143846761589,0.0,0.0,0.0,0.0,0.0,0.0,0.0,0.0,0.0,0.234639681309726,0.0,0.0,0.0,0.0,0.0,0.0,0.0,0.1218797300034904,0.0,0.1322662617565233,0.0,0.0,0.0,0.4972170993040216,0.2303396838562518,0.0,0.1294867737009546,0.0,0.0,0.0,0.1218797300034904,0.0,0.0,0.0,0.1432253430989008,0.0,0.0,0.0,0.0,0.659548549885428,XD-1547,3.0,2.8,3.0
0.0,0.0,0.0,0.0,0.0,0.0,0.0,0.0,0.0,0.2286841966686666,0.0,0.0,0.0,0.0,0.0937736172151274,0.0,0.0,0.0,0.0,0.0,0.0,0.0,0.0,0.0,0.0,0.0,0.0,0.0,0.9416959592205862,0.0,0.0,0.0,0.0,0.0919013943073732,0.0,0.0,0.0,0.0,0.0,0.0,0.0,0.0,0.0,0.0,0.0,0.0,0.0,0.0,0.0,0.208980623552467,XD-1508,3.0,2.6,3.0
0.0,0.0,0.0,0.1775259176437872,0.0,0.0,0.0,0.0,0.0,0.0,0.0,0.0,0.0,0.0,0.4367747581004667,0.0,0.0,0.141278467005205,0.0,0.0,0.0,0.0,0.0,0.0,0.0,0.0,0.0,0.0,0.8122576497166147,0.0,0.0,0.0,0.0,0.2853695986836916,0.0,0.0,0.0,0.0,0.0,0.0,0.0,0.0,0.0,0.0,0.0,0.0,0.128664123342987,0.0,0.0,0.0,XD-1507,3.0,2.45,2.0
0.0750674410588837,0.0,0.0,0.0,0.0,0.0,0.0,0.0,0.0,0.0,0.0,0.0,0.0,0.0,0.0,0.0565176381227425,0.0,0.0,0.0,0.125073756282616,0.0,0.0,0.0,0.0,0.0,0.1671709089368723,0.0,0.7362984372171136,0.0,0.0940053452454257,0.0,0.0,0.1801419802409202,0.0,0.4911266384277602,0.2730229812410589,0.0460149425288879,0.0,0.0,0.0,0.0433116727774772,0.0450731703461131,0.196657426676562,0.0,0.0508971360009072,0.0,0.0,0.0,0.0,0.033482833530914,XD-1502,1.0,2.6,3.0
0.0,0.0,0.0,0.2813794537284383,0.0,0.0,0.0,0.0,0.0,0.5627589074568767,0.0,0.0829074648671911,0.0,0.0,0.6153690156237492,0.0,0.0,0.0,0.0,0.0,0.0,0.0,0.0,0.0,0.0,0.0,0.0,0.0,0.0,0.0,0.0,0.0,0.0,0.2261561096375804,0.0,0.0,0.0,0.0,0.0,0.0,0.0,0.3846056347648432,0.0,0.0,0.0,0.1078015025866735,0.0679777563772251,0.0,0.0,0.0571412498610418,XD-1500,5.0,1.85,2.0
0.0,0.0,0.0,0.0,0.2919886820960097,0.0,0.0567881908335702,0.0,0.0,0.0,0.2181563749529124,0.0,0.0,0.0,0.0,0.0,0.1954133648744607,0.0090973861987864,0.0,0.0,0.0,0.0,0.0818764757890776,0.0,0.0,0.1274943569330433,0.0,0.6216026776212864,0.0,0.0488822722990806,0.0,0.0,0.112407429270868,0.0,0.4426642167827709,0.0567881908335702,0.0287130261963451,0.0,0.2567363000956093,0.0,0.2072008925404287,0.0,0.040904320303671,0.0245876555640726,0.0,0.0,0.0,0.0463615843392884,0.2966634487264661,0.0,XD-1496,5.0,2.7,3.0
0.0,0.0,0.0,0.0,0.0,0.181039769336896,0.0,0.0,0.0,0.0,0.0,0.1139253842504879,0.0,0.0,0.0,0.0,0.0,0.0,0.1760378314737446,0.0,0.0,0.4703657338744009,0.1025680742348982,0.0,0.0,0.0,0.3016930405073054,0.101568574147436,0.0,0.1102241990036973,0.0,0.1600639800765029,0.0,0.0,0.2879306500537132,0.0,0.0,0.0,0.0,0.5284969790799501,0.3047057224423082,0.10569939581599,0.0,0.0,0.0,0.1481329531018723,0.0934100690229416,0.0,0.0,0.2355579991765661,XD-1356,3.0,2.7,3.0
0.0,0.0,0.0,0.0,0.0,0.0,0.0,0.0,0.0,0.0,0.0,0.0,0.0,0.0,0.0,0.0,0.0,0.0,0.0,0.0,0.0,0.0,0.0,0.0,0.0,0.0,0.0,0.0,1.0,0.0,0.0,0.0,0.0,0.0,0.0,0.0,0.0,0.0,0.0,0.0,0.0,0.0,0.0,0.0,0.0,0.0,0.0,0.0,0.0,0.0,XD-1197,5.0,2.55,3.0
0.0,0.0,0.0,0.0,0.0,0.0,0.0,0.0,0.0,0.0,0.0,0.0,0.0,0.0,1.0,0.0,0.0,0.0,0.0,0.0,0.0,0.0,0.0,0.0,0.0,0.0,0.0,0.0,0.0,0.0,0.0,0.0,0.0,0.0,0.0,0.0,0.0,0.0,0.0,0.0,0.0,0.0,0.0,0.0,0.0,0.0,0.0,0.0,0.0,0.0,XD-1161,3.0,2.25,2.0
0.0,0.0,0.0,0.0,0.3916082710209785,0.0,0.0,0.0,0.0,0.0207427902880298,0.1484444376154289,0.0,0.0,0.0,0.0,0.0,0.0,0.0165075029730785,0.0,0.0,0.0,0.5551448108399467,0.0,0.0,0.0,0.0841246017916144,0.0242775288523305,0.5394391697724727,0.0,0.0532190832185766,0.0,0.0,0.0679889780917695,0.0,0.4016143051941588,0.1030440181978824,0.0868345322757793,0.0,0.0,0.0,0.1471197735743107,0.0,0.0742222188077144,0.0,0.0,0.0,0.0,0.0210311504479036,0.0,0.0505482094143554,XD-1155,3.0,3.1,3.0
0.0,0.0,0.0,0.0,0.0,0.0,0.0,0.0,0.0,0.0,0.0,0.0,0.0,0.0,0.0,0.0,0.0,0.0,0.0,0.0,0.0,0.0,0.0,0.0,0.0,0.0,0.0,0.0,0.0,0.0,0.0,0.0,0.0,0.0,0.0,0.0,0.0,0.0,0.0,0.0,0.0,1.0,0.0,0.0,0.0,0.0,0.0,0.0,0.0,0.0,XD-1136,3.0,3.4,3.0
0.0,0.0,0.0,0.0,0.0,0.0,0.0,0.0,0.0,0.0,0.0,0.0,0.0,0.0,0.0,0.0,0.0,0.0,0.0,0.0,0.0,0.0,0.0,0.0,0.0,0.0,0.0,0.0,1.0,0.0,0.0,0.0,0.0,0.0,0.0,0.0,0.0,0.0,0.0,0.0,0.0,0.0,0.0,0.0,0.0,0.0,0.0,0.0,0.0,0.0,XD-1071,6.0,2.55,3.0
0.0,0.0,0.0,0.0,0.0,0.0,0.0,0.0,0.0,0.0,0.0,0.2712495745406254,0.0,0.0,0.0,0.0,0.0,0.0,0.0,0.465562397462771,0.0,0.0,0.0,0.0,0.0,0.0,0.0,0.0,0.8424222945650516,0.0,0.0,0.0,0.0,0.0,0.0,0.0,0.0,0.0,0.0,0.0,0.0,0.0,0.0,0.0,0.0,0.0,0.0,0.0,0.0,0.0,XD-1070,4.0,2.55,3.0
0.0,0.0,0.0,0.0,0.0,0.0,0.0,0.1927809211357596,0.0,0.0,0.0,0.5652532882321557,0.0,0.3287993894888492,0.0,0.0,0.0,0.0,0.0,0.0,0.0,0.0,0.2544513745129972,0.0,0.0,0.0,0.0,0.0,0.0,0.0,0.3438549610637075,0.0,0.0,0.0,0.0,0.0,0.0,0.0,0.0,0.0,0.0,0.5244391444647212,0.0,0.0,0.0987004399551929,0.0,0.0,0.0,0.0,0.2597215214929808,XD-1066,5.0,3.1,3.0
0.0,0.0,0.0,0.2938936848212656,0.0,0.0,0.0,0.0,0.0,0.0,0.0,0.0,0.0,0.0,0.0,0.0,0.0,0.0,0.0,0.0,0.0,0.0,0.0,0.0,0.0,0.0,0.0,0.0,0.80681422814602,0.0,0.0,0.0,0.0,0.0,0.2188562246141701,0.0,0.0,0.0,0.0,0.0,0.2316069651480883,0.0,0.0,0.0,0.0,0.0,0.0,0.0,0.4014193193231297,0.0,XD-1059,2.0,2.5,2.0
0.0,0.0,0.0,0.8789207742268113,0.0,0.0,0.0,0.0,0.0,0.0,0.0,0.0,0.0,0.0,0.0,0.0,0.0,0.2331538989721847,0.0,0.0,0.0,0.0,0.0,0.0,0.0,0.0,0.0,0.0,0.0,0.0,0.0,0.0,0.0,0.0,0.0,0.0,0.0,0.2890488951170978,0.0,0.2402719017329199,0.0,0.0,0.0,0.0,0.0,0.0,0.0,0.0,0.0,0.1784872026108374,XD-1017,5.0,3.95,4.0
0.0,0.0,0.0,0.0,0.0,0.0,0.0,0.3941392847542944,0.0,0.0,0.0,0.7704376740750999,0.0,0.0,0.0,0.0,0.0,0.0,0.0,0.0,0.0,0.0,0.0,0.0,0.0,0.0,0.0,0.3434364366646399,0.0,0.0,0.0,0.0,0.0,0.0,0.0,0.0,0.3648717974168707,0.0,0.0,0.0,0.0,0.0,0.0,0.0,0.0,0.0,0.0,0.0,0.0,0.0,XD-959,3.0,2.1,2.0
0.0,0.0,0.0,0.0,0.0,0.0,0.0,0.0,0.0,0.0,0.0,0.0,0.0,0.0,0.484455140033857,0.0,0.0,0.0,0.0,0.0,0.0,0.0,0.0,0.0,0.0,0.0,0.0,0.0,0.0,0.0,0.0,0.0,0.0,0.712174236806069,0.0,0.0,0.0,0.0,0.0,0.0,0.0,0.0,0.0,0.0,0.2735261238481763,0.0,0.4281291082104336,0.0,0.0,0.0,XD-891,3.0,4.2,4.0
0.0,0.0,0.0,0.0,0.0,0.0,0.0,0.0,0.0,0.0,0.0,0.3503070306737323,0.0,0.1358455760359578,0.3250130928757293,0.0,0.0,0.0,0.0,0.0,0.0,0.0,0.0,0.0,0.0,0.0,0.0,0.0,0.8461847038328654,0.0,0.1420658819687539,0.0,0.0,0.0,0.0,0.0,0.0,0.1303310606535905,0.0,0.0,0.0,0.0,0.0,0.0,0.0,0.0,0.0,0.0,0.0,0.0,XD-662,2.0,2.2,2.0
0.0,0.0,0.0,0.0,0.0,0.0,0.0,0.4321482070276251,0.0,0.0,0.0,0.4223675136641661,0.0,0.0,0.2612469632371859,0.0,0.0,0.0,0.0,0.3624677247971647,0.0,0.0,0.2535075788474831,0.0,0.0,0.0,0.0,0.2510372112489836,0.0,0.2724304812025332,0.0,0.0,0.0,0.2560310766831694,0.0,0.0,0.0,0.0,0.0,0.0,0.0,0.1306234816185929,0.0,0.0,0.1475015193695344,0.0,0.3463089360108874,0.0,0.0,0.0970343167937578,XD-641,4.0,3.85,4.0
0.0,0.0,0.0,0.0,0.0,0.0,0.0,0.0,0.0,0.7087868757725487,0.0,0.0,0.0,0.0,0.0,0.0,0.0,0.3760439586197284,0.0,0.0,0.0,0.0,0.0,0.0,0.0,0.0,0.0,0.0,0.0,0.0,0.0,0.2934202145715913,0.0,0.0,0.0,0.0,0.0,0.2330973044706823,0.0,0.0,0.0,0.0,0.0,0.0,0.0,0.0,0.1712340433041761,0.0,0.0,0.4318115707819331,XD-640,3.0,3.5,4.0
0.0,0.0,0.0,0.0,0.0,0.0,0.0,0.3394349568023126,0.0,0.0,0.0,0.0,0.0,0.0,0.0,0.0,0.0,0.0,0.0,0.2847037532678995,0.0,0.0,0.0,0.0,0.0,0.0,0.0,0.295769380401333,0.0,0.0,0.0,0.0,0.0,0.0,0.4192294254388209,0.0,0.4713444494823156,0.0,0.0,0.0,0.0,0.0,0.0,0.0,0.5213541782327187,0.2156828139201878,0.0,0.0,0.0,0.0,XD-630,2.0,2.1,2.0
0.0,0.0,0.0,0.0,0.0,0.0,0.0,0.6223473829367191,0.0,0.0,0.0,0.3041309815611238,0.0,0.0,0.0,0.0,0.0,0.0,0.0,0.2609993935623597,0.0,0.0,0.2738119278606707,0.0,0.0,0.0,0.0,0.0,0.0,0.0,0.3700180043181508,0.0,0.0,0.276537541865912,0.0,0.0,0.0,0.0,0.0,0.0,0.0,0.0,0.0,0.0,0.318630910875044,0.0,0.2493640567160771,0.0,0.0,0.0,XD-629,2.0,3.05,3.0
0.0,0.0,0.0,0.0,0.0,0.0,0.0,0.0,0.0,0.0,0.0,0.5839553846761671,0.0,0.0,0.0,0.0,0.0,0.0,0.0,0.0,0.0,0.0,0.0,0.0,0.0,0.0,0.0,0.0,0.6045318669047792,0.0,0.0,0.0,0.0,0.0,0.0,0.0,0.0,0.0,0.0,0.0,0.0,0.5417908550394073,0.0,0.0,0.0,0.0,0.0,0.0,0.0,0.0,XD-628,3.0,2.75,3.0
0.0,0.0,0.0,0.0,0.0,0.0,0.0,0.0,0.0,0.0,0.0,0.093499107873742,0.0,0.1087740672249293,0.0867479998123971,0.2175481344498586,0.0,0.252534327631631,0.0,0.1604782934537288,0.0,0.0,0.1683562184210873,0.0,0.0,0.214491856474504,0.0,0.3334312588286086,0.0,0.1809230548704401,0.1137547813227847,0.0,0.0,0.0,0.3150747492801892,0.0,0.0,0.1043584926849402,0.0,0.1734959996247943,0.3334312588286086,0.4337399990619858,0.0,0.0,0.0,0.1215734232791811,0.0,0.0,0.0,0.3866471536687093,XD-603,2.0,2.65,3.0
0.0,0.0,0.0,0.0,0.0,0.0,0.0,0.0,0.0,0.0,0.0,0.0,0.0,0.0,0.5551259825171715,0.0,0.0,0.0,0.0,0.0,0.0,0.0,0.0,0.0,0.0,0.0,0.0,0.0,0.6194112422847119,0.0,0.0,0.0,0.0,0.0,0.0,0.0,0.0,0.0,0.0,0.0,0.0,0.5551259825171715,0.0,0.0,0.0,0.0,0.0,0.0,0.0,0.0,XD-600,5.0,2.6,3.0
0.0,0.0,0.0,0.0,0.0,0.0,0.0,0.461531342200107,0.0,0.0,0.0,0.0,0.0,0.0,0.0,0.0,0.0,0.1015291379386936,0.0,0.0,0.0,0.0,0.3045874138160809,0.0,0.0,0.0,0.0,0.0,0.0,0.0,0.6860111846430217,0.0,0.0,0.2050795847551114,0.0,0.0,0.1068148855662497,0.0,0.0,0.0,0.0,0.0,0.0,0.0,0.3544438909713101,0.0,0.1849277926574604,0.0,0.0,0.0,XD-592,8.0,3.0,3.0
0.0,0.0,0.0,0.0,0.0,0.0,0.0,0.4484795505447287,0.0,0.0,0.0,0.0,0.0,0.0,0.2033398243041282,0.5099391286530081,0.0,0.0,0.0,0.0,0.0,0.0,0.0,0.0,0.0,0.0,0.0,0.0,0.0,0.0,0.0,0.0,0.0,0.0,0.1846360846931743,0.0,0.0,0.0,0.0,0.6100194729123847,0.0,0.0,0.0,0.0,0.0,0.0,0.0,0.0,0.0,0.3021040426089106,XD-585,1.0,2.6,3.0
0.0,0.0,0.0,0.0,0.0,0.0,0.0,0.0,0.1292993982849601,0.1429656777242117,0.0,0.2527460000240161,0.0,0.5880742826887474,0.0,0.0,0.0,0.1137747775159504,0.0,0.2169017848591742,0.0,0.0,0.2275495550319009,0.0,0.0,0.1449531444590419,0.0,0.0,0.0,0.0,0.0,0.0,0.0,0.0,0.1064634256947569,0.0,0.0,0.0,0.0,0.234496461637629,0.1126660709235097,0.4689929232752581,0.0,0.0,0.0,0.0,0.0,0.0,0.0,0.3483937752019334,XD-584,0.0,2.65,3.0
0.0,0.0,0.0,0.0,0.0,0.0,0.0,0.0,0.0,0.0,0.0,0.0,0.0,0.0,0.0,0.0,0.0,0.0,0.0,1.0,0.0,0.0,0.0,0.0,0.0,0.0,0.0,0.0,0.0,0.0,0.0,0.0,0.0,0.0,0.0,0.0,0.0,0.0,0.0,0.0,0.0,0.0,0.0,0.0,0.0,0.0,0.0,0.0,0.0,0.0,XD-521,1.0,2.4,2.0
0.0,0.0514811496110699,0.0,0.0,0.0,0.0,0.0,0.0,0.0,0.0,0.0,0.1215730019920671,0.0,0.0707171982286654,0.112794816911426,0.0,0.0,0.5199031513719448,0.0,0.1825803453287407,0.0,0.0,0.383086532589854,0.0,0.0,0.209171131314454,0.0,0.0,0.0,0.0,0.0739553059427955,0.0,0.0,0.0,0.1536294730224152,0.0,0.0287878963132625,0.4070790254878482,0.0,0.169192225367139,0.1625800502898647,0.3665831549621345,0.0,0.0,0.0,0.0790384334493371,0.0,0.0,0.2817824286119763,0.0,XD-446,1.0,2.7,3.0
0.0,0.0,0.0,0.0,0.0,0.0,0.0,0.0,0.4076153675446427,0.0,0.0,0.3983899192948182,0.0,0.0,0.0,0.0,0.0,0.0,0.0,0.0,0.0,0.0,0.358674118902443,0.0,0.0,0.0,0.0,0.0,0.0,0.0,0.0,0.0,0.0,0.0,0.0,0.0,0.0,0.0,0.0,0.0,0.0,0.7392483079285809,0.0,0.0,0.0,0.0,0.0,0.0,0.0,0.0,XD-299,5.0,3.9,4.0
